"Linea","Nombre Cliente","Placas","Desde","Hasta","Telefonos","Telefonos 2","e-Mail","Marca","Modelo","Clase","Tipo","Línea","Chasis","Motor","Color","Ejecutivo de renovacion","Año de renovacion","Vehículo Id.","Id de Cliente","Nombre de la oportunidad","Tipo de Resgistro","Tipo de Oportunidad","Fecha de cierre","Fecha de seguimiento","Etapa","Origen"
"PLUS","CREA DE GUATEMALA SOCIEDAD ANONIMA","MI030BBX2","11/4/2025","11/3/2026","30282713","30283201","guatemalabids12@crea-cari.com","Ford","2017","CAMIONETA","Camioneta Ambulancia","ESCAPE SE","1FMCU9G9XHUB93526","HUB93526","Plateado","Sindy Aguirre","","a014N00000VaeXm","0014N00003Ejc8K","BO - Renovacion año:  - Placa: MI030BBX2 - Servicio: PLUS","0124N0000002qlJQAQ","Renovacion","2026-10-09","2026-10-09","Pendiente de contacto","Renovaciones Ventas BPO"
"PLUS","CREA DE GUATEMALA SOCIEDAD ANONIMA","MI17BBY2","11/4/2025","11/3/2026","30282713","30283201","guatemalabids12@crea-cari.com","Jeep","2018","CAMIONETA","Campero","Cherokee","1C4RJFAG3JC421794","6312721539","Blanco Brillante","Sindy Aguirre","","a014N00000VaeYc","0014N00003Ejc8K","BO - Renovacion año:  - Placa: MI17BBY2 - Servicio: PLUS","0124N0000002qlJQAQ","Renovacion","2026-10-09","2026-10-09","Pendiente de contacto","Renovaciones Ventas BPO"
"PLUS","CREA DE GUATEMALA SOCIEDAD ANONIMA","MI18BBY2","11/4/2025","11/3/2026","30282713","30283201","guatemalabids12@crea-cari.com","Jeep","2018","CAMIONETA","PICK UP","G CHEROKEE LAREDO 4X4","1C4RJFAG3JC405613","6103821684","Blanco Brillante","Sindy Aguirre","","a014N00000VaeYh","0014N00003Ejc8K","BO - Renovacion año:  - Placa: MI18BBY2 - Servicio: PLUS","0124N0000002qlJQAQ","Renovacion","2026-10-09","2026-10-09","Pendiente de contacto","Renovaciones Ventas BPO"
"PLUS","CREA DE GUATEMALA SOCIEDAD ANONIMA","MI19BBY2","11/4/2025","11/3/2026","30282713","30283201","guatemalabids12@crea-cari.com","Jeep","2018","CAMIONETA","PICK UP","G CHEROKEE LAREDO 4X4","1C4RJFAG9JC421797","6120821297","Blanco Brillante","Sindy Aguirre","","a014N00000VaehK","0014N00003Ejc8K","BO - Renovacion año:  - Placa: MI19BBY2 - Servicio: PLUS","0124N0000002qlJQAQ","Renovacion","2026-10-09","2026-10-09","Pendiente de contacto","Renovaciones Ventas BPO"
"PLUS","CREA DE GUATEMALA SOCIEDAD ANONIMA","MI20BBY2","11/4/2025","11/3/2026","30282713","30283201","guatemalabids12@crea-cari.com","Jeep","2018","CAMIONETA","PICK UP","G CHEROKEE LAREDO 4X4","1C4RJFAG1JC422751","6184810670","Blanco Brillante","Sindy Aguirre","","a014N00000VaeYr","0014N00003Ejc8K","BO - Renovacion año:  - Placa: MI20BBY2 - Servicio: PLUS","0124N0000002qlJQAQ","Renovacion","2026-10-09","2026-10-09","Pendiente de contacto","Renovaciones Ventas BPO"
"GPS","FAMI SOCIEDAD ANONIMA","P846FBS","11/5/2025","11/4/2026","23168464","30051204","pedroperezmejia@gmail.com","BMW","2011","CAMIONETA","Camioneta Pasajeros Automatica","X3","WBAWY3105BL533432","73657695","Plateado Metalico","Sindy Aguirre","","a014N00000Qw1Cp","0014N00001jMHKm","BO - Renovacion año:  - Placa: P846FBS - Servicio: GPS","0124N0000002qlJQAQ","Renovacion","2026-10-09","2026-10-09","Pendiente de contacto","Renovaciones Ventas BPO"
"PLUS","WILDER ESTEBAN URIZAR TALLY","P852KPF","11/7/2025","11/6/2026","57705278","22612800","WILDERURIZAR@HOTMAIL.COM","Mitsubishi","2024","CAMIONETA","PICK UP","Montero Sport","MMBGUKS10RH003118","4N15UKL1659","Blanco Perla","Sindy Aguirre","","a01VX00000FLWqo","0014N00003R1jBz","BO - Renovacion año:  - Placa: P852KPF - Servicio: PLUS","0124N0000002qlJQAQ","Renovacion","2026-10-09","2026-10-09","Pendiente de contacto","Renovaciones Ventas BPO"
"PLUS","WILDER ESTEBAN URIZAR TALLY","S718523","11/7/2025","11/6/2026","57705278","22612800","WILDERURIZAR@HOTMAIL.COM","TOYOTA","2026","PICK UP","Pick Up 4X4","HILUX TONELAJE","8AJKB3CD4T1718523","2GDD498473","Plateado","Sindy Aguirre","","a01VX00000j5mba","0014N00003R1jBz","BO - Renovacion año:  - Placa: S718523 - Servicio: PLUS","0124N0000002qlJQAQ","Renovacion","2026-10-09","2026-10-09","Pendiente de contacto","Renovaciones Ventas BPO"
"PLUS","CONSTRUCTORA CPM SOCIEDAD ANONIMA","SW51320","11/10/2025","11/9/2026","30710314","30710314","agarcia@cpm.construction","CATERPILLAR","2025","MAQUINARIA AMARILLA","EXCAVADORA","320GX","CAT00320HSYTW51320","CAT00320HSYTW51320","Amarillo","Sindy Aguirre","","a01VX00000j0mkJ","001VX00000H3UW6","BO - Renovacion año:  - Placa: SW51320 - Servicio: PLUS","0124N0000002qlJQAQ","Renovacion","2026-10-09","2026-10-09","Pendiente de contacto","Renovaciones Ventas BPO"
"PLUS","VIRGILIO GARCÍA ESCOBAR","C247CBQ","11/10/2025","11/9/2026","50370208","50370208","contagarciav@hotmail.com","Sterling","2009","CAMION","CABEZAL","LT9500","2FZMAZCV89AAJ2821","06R00954646067GU60","BLANCO CON FJS MULTICOLOR","Sindy Aguirre","","a01VX00000j5snR","001VX00000j5s13","BO - Renovacion año:  - Placa: C247CBQ - Servicio: PLUS","0124N0000002qlJQAQ","Renovacion","2026-10-09","2026-10-09","Pendiente de contacto","Renovaciones Ventas BPO"
"PLUS","ASEGURADORA GUATEMALTECA, S.A.","SN00315","11/11/2025","11/10/2026","23886868","23886851","jcruz@aseguate.com","CATERPILLAR","2025","MAQUINARIA AMARILLA","MOTONIVELADORA","120GC","CAT00120CW9N00315","CAT00120CW9N00315","Amarillo","Sindy Aguirre","","a01VX00000j172L","0014N00002wvws2","BO - Renovacion año:  - Placa: SN00315 - Servicio: PLUS","0124N0000002qlJQAQ","Renovacion","2026-10-09","2026-10-09","Pendiente de contacto","Renovaciones Ventas BPO"
"PLUS","CONSTRUCTORA CPM SOCIEDAD ANONIMA","S100126","11/11/2025","11/10/2026","30710314","30710314","agarcia@cpm.construction","JAC","2026","CAMION","CAMION","HFC1040KN","LJ11KRBE8T1100126","B45EIII16084629772","Blanco","Sindy Aguirre","","a01VX00000j0kQm","001VX00000H3UW6","BO - Renovacion año:  - Placa: S100126 - Servicio: PLUS","0124N0000002qlJQAQ","Renovacion","2026-10-09","2026-10-09","Pendiente de contacto","Renovaciones Ventas BPO"
"PLUS","CONSTRUCTORA CPM SOCIEDAD ANONIMA","S301890","11/11/2025","11/10/2026","30710314","30710314","agarcia@cpm.construction","JAC","2026","MAQUINARIA AMARILLA","CAMION","HFC1040KN","LJ11KBACXT1301890","HFC4DA11S4003958","Blanco","Sindy Aguirre","","a01VX00000j0uYA","001VX00000H3UW6","BO - Renovacion año:  - Placa: S301890 - Servicio: PLUS","0124N0000002qlJQAQ","Renovacion","2026-10-09","2026-10-09","Pendiente de contacto","Renovaciones Ventas BPO"
"BI","BIOLIMPIEZA DE CENTROAMERICA SOCIEDAD ANONIMA","P437GCY","10/12/2025","11/11/2026","22698300","22698300","cie@vijusaca.com","Renault","2018","PANEL","PANEL","DOKKER","VF108RFB4G0182251","K7MAS12LLA78260","Blanco Glacial","Sindy Aguirre","","a014N00000X2H4R","0014N00003LxHzW","BO - Renovacion año:  - Placa: P437GCY - Servicio: BI","0124N0000002qlJQAQ","Renovacion","2026-10-09","2026-10-09","Pendiente de contacto","Renovaciones Ventas BPO"
"PLUS","CONSTRUCTORA CPM SOCIEDAD ANONIMA","S008832","11/12/2025","11/11/2026","30710314","30710314","agarcia@cpm.construction","JAC","2026","PICK UP","PICK UP","HFC1037D1KST","LJ11PABD0TC008832","HFC4DB21BS4124920","Blanco","Sindy Aguirre","","a01VX00000j1297","001VX00000H3UW6","BO - Renovacion año:  - Placa: S008832 - Servicio: PLUS","0124N0000002qlJQAQ","Renovacion","2026-10-09","2026-10-09","Pendiente de contacto","Renovaciones Ventas BPO"
"PLUS","CONSTRUCTORA CPM SOCIEDAD ANONIMA","S008833","11/12/2025","11/11/2026","30710314","30710314","agarcia@cpm.construction","JAC","2026","PICK UP","PICK UP","HFC1037D1KST","LJ11PABD2TC008833","HFC4DB21BS4124914","Blanco","Sindy Aguirre","","a01VX00000j0cGL","001VX00000H3UW6","BO - Renovacion año:  - Placa: S008833 - Servicio: PLUS","0124N0000002qlJQAQ","Renovacion","2026-10-09","2026-10-09","Pendiente de contacto","Renovaciones Ventas BPO"
"PLUS","HENA PATRICIA GARCIA GONZALEZ CAMPO","SAS2042","11/12/2025","11/11/2026","56218907","56218907","creaciacioneshenmasgaby.55@gmail.com","TVS","2026","MOTOCICLETA","MOTOCICLETA","APACHE 200 FI","MD625MF55T1AS2042","DF5AT13E0275","ROJO FRANJAS Y LETRAS MULTICOLOR","Sindy Aguirre","","a01VX00000j0x2z","001VX00000hNgQt","BO - Renovacion año:  - Placa: SAS2042 - Servicio: PLUS","0124N0000002qlJQAQ","Renovacion","2026-10-09","2026-10-09","Pendiente de contacto","Renovaciones Ventas BPO"
"PLUS","JUAN PABLO GARCIA PALACIOS","SP11888","11/12/2024","11/11/2026","44806403","44806403","deliosercco@gmail.com","Caterpillar","2024","MAQUINARIA AMARILLA","RETROEXCAVADORA","416","CAT00416VL9P11888","G4D70766","Amarillo","Sindy Aguirre","","a01VX00000HOlnD","001VX00000GnF00","BO - Renovacion año:  - Placa: SP11888 - Servicio: PLUS","0124N0000002qlJQAQ","Renovacion","2026-10-09","2026-10-09","Pendiente de contacto","Renovaciones Ventas BPO"
"BI","GEORGE FREDERICK LEWIS ONCKELMANN","P167LHY","11/13/2025","11/12/2026","56923128","52033086","jofeleoc@gmail.com","Hyundai","2026","CAMIONETA","CAMIONETA","Tucson","KMHJB81DBTU413147","G4NLSU000425","Gris","Sindy Aguirre","","a01VX00000WFQ4b","0014N00002GH7Rz","BO - Renovacion año:  - Placa: P167LHY - Servicio: BI","0124N0000002qlJQAQ","Renovacion","2026-10-09","2026-10-09","Pendiente de contacto","Renovaciones Ventas BPO"
"PLUS","TRANSPORTES LIER, S.A.","C230BZC","11/13/2025","11/12/2026","55894414","58258517","eduardoecheverrria@trasnlier.com","International","1999","CABEZAL","CABEZAL","9200","XC087623","6067TK6006R0457856","Blanco","Sindy Aguirre","","a01VX00000Ht1cq","001VX000009tLWX","BO - Renovacion año:  - Placa: C230BZC - Servicio: PLUS","0124N0000002qlJQAQ","Renovacion","2026-10-09","2026-10-09","Pendiente de contacto","Renovaciones Ventas BPO"
"PLUS","TRANSPORTES LIER, S.A.","C834BXX","11/13/2025","11/12/2026","55894414","58258517","eduardoecheverrria@trasnlier.com","Volvo","2008","CABEZAL","CABEZAL","VNL","8N263170","79278524","BLANCO Y CELESTE","Sindy Aguirre","","a01VX00000Ht4XS","001VX000009tLWX","BO - Renovacion año:  - Placa: C834BXX - Servicio: PLUS","0124N0000002qlJQAQ","Renovacion","2026-10-09","2026-10-09","Pendiente de contacto","Renovaciones Ventas BPO"
"PLUS","TRANSPORTES RIVERA","C481BYR","11/13/2025","11/12/2026","51653945","51653945","georivera0809@gmail.com","FreightLiner","1999","CABEZAL","CABEZAL","FLD120","11FUYDSEB0XPB70675","06R04789586067MK60","AZUL POL","Sindy Aguirre","","a01VX00000HtDqr","001VX00000Ew1gP","BO - Renovacion año:  - Placa: C481BYR - Servicio: PLUS","0124N0000002qlJQAQ","Renovacion","2026-10-09","2026-10-09","Pendiente de contacto","Renovaciones Ventas BPO"
"PLUS","GEERBERT ANTONIO AGUILAR REYES","C015BWS","11/14/2024","11/13/2026","51559781","51559781","herbertaguilar@gmail.com","FreightLiner","2011","CABEZAL","CABEZAL","COLUMBIA CL 120064S T","1FUJA6DRXBDAS5329","472901S0033801","Dorado Policromado","Sindy Aguirre","","a01VX00000HMknD","001VX00000DWJJO","BO - Renovacion año:  - Placa: C015BWS - Servicio: PLUS","0124N0000002qlJQAQ","Renovacion","2026-10-09","2026-10-09","Pendiente de contacto","Renovaciones Ventas BPO"
"PLUS","CLAUDIA LETICIA AZURDIA VEGA DE PASARELLI","P391JDL","11/17/2025","11/16/2026","53065752","53065752","ventas@drobesa.com","NISSAN","2022","PICK UP","PICK UP","FRONTIER XE 4*4","3N6CD33B5ZK435325","YD25734453P","Blanco","Sindy Aguirre","","a01VX00000j0kfK","001VX00000hmabW","BO - Renovacion año:  - Placa: P391JDL - Servicio: PLUS","0124N0000002qlJQAQ","Renovacion","2026-10-09","2026-10-09","Pendiente de contacto","Renovaciones Ventas BPO"
"PLUS","EQUISUM SOCIEDAD ANONIMA","C055BWW","11/17/2024","11/16/2026","57510165","57510165","equisum.equiposysuministros@gmail.com","JAC","2023","CAMION","CAMION","HFC1012K","LJ11KAACXP1300562","HFC4DA11AN4000664","Blanco","Sindy Aguirre","","a014N00000X2jIt","0014N00003NQrWB","BO - Renovacion año:  - Placa: C055BWW - Servicio: PLUS","0124N0000002qlJQAQ","Renovacion","2026-10-09","2026-10-09","Pendiente de contacto","Renovaciones Ventas BPO"
"PLUS","OSCAR HUGO RUIZ BALCARCEL","P027KXZ","10/17/2025","11/16/2026","51258450","51258450","laspiconasadm@gmail.com","CHANGAN","2025","PANEL","PANEL","STAR9","LS4ASB3EXSG802455","4G15SSA5T000303","BLANCO Y CALCOMANIA MULTICOLOR","Sindy Aguirre","","a01VX00000Fnqo3","001VX00000FNf56","BO - Renovacion año:  - Placa: P027KXZ - Servicio: PLUS","0124N0000002qlJQAQ","Renovacion","2026-10-09","2026-10-09","Pendiente de contacto","Renovaciones Ventas BPO"
"RF","TROLEX, S. A.","P066GDB","11/17/2025","11/16/2026","46546661","22246700","asistente.guatemala@gt.trolex.net","CHEVROLET","2016","PANEL","PANEL","N300 MAX","LZWCCAGA0G6002862","LAQUF62320789","Blanco","Sindy Aguirre","","a014N00000X2lSw","0016100001fhXKx","BO - Renovacion año:  - Placa: P066GDB - Servicio: RF","0124N0000002qlJQAQ","Renovacion","2026-10-09","2026-10-09","Pendiente de contacto","Renovaciones Ventas BPO"
"PLUS","CLAUDIA GUICELA FIGUEROA DONIS","P263HTY","11/18/2025","11/17/2026","54297107","54297107","travelespiritumaya@hotmail.com","MAZDA","2020","CAMIONETA","CAMIONETA","CX-5 4X2","JM3KFACM8L0794639","PY21498708","AZUL POL CFIL NEGRO","Sindy Aguirre","","a01VX00000HZ7b9","0014N00001htfUD","BO - Renovacion año:  - Placa: P263HTY - Servicio: PLUS","0124N0000002qlJQAQ","Renovacion","2026-10-09","2026-10-09","Pendiente de contacto","Renovaciones Ventas BPO"
"PLUS","DISTRIBUIDORA DE PRODUCTOS FARMACEUTICOS ASAI, SOCIEDAD ANONIMA","P615CFP","11/18/2025","11/17/2026","41010767","41010767","subasistente.asaisa@gmail.com","Honda","2003","CAMIONETA","CAMIONETA","CRV","JHLRD68403C200377","K24A12904718","DORADO METALICO","Sindy Aguirre","","a01VX00000Hilnt","001VX00000H1jfd","BO - Renovacion año:  - Placa: P615CFP - Servicio: PLUS","0124N0000002qlJQAQ","Renovacion","2026-10-09","2026-10-09","Pendiente de contacto","Renovaciones Ventas BPO"
"RF","RAQUEL RUTILIA SIGUENZA PINEDA","S640515","11/18/2024","11/17/2026","53164556","53164556","siguenza.raquel@gmail.com","Toyota","2023","PICK UP","PICK UP","Hilux","8AJKB3CD1P1640515","2GDC976258","PLATEADO METALICO","Sindy Aguirre","","a014N00000WlVnF","0014N00003Koor0","BO - Renovacion año:  - Placa: S640515 - Servicio: RF","0124N0000002qlJQAQ","Renovacion","2026-10-09","2026-10-09","Pendiente de contacto","Renovaciones Ventas BPO"
"PLUS","WPSPORTS SOCIEDAD ANONIMA","P493GRL","10/18/2025","11/17/2026","54576607","54576607","cooordinacionwp@giselamorales.com.gt","Honda","2017","CAMIONETA","CAMIONETA","Pilot","5KBYF5810HB60084","J35Y63407889","GRIS METALICO","Sindy Aguirre","","a01VX00000949ly","0014N00003NQHpu","BO - Renovacion año:  - Placa: P493GRL - Servicio: PLUS","0124N0000002qlJQAQ","Renovacion","2026-10-09","2026-10-09","Pendiente de contacto","Renovaciones Ventas BPO"
"PLUS","YEISON EZEQUIEL CARRILLO FAJARDO","P065JYW","8/18/2025","11/17/2026","47246079","47246079","yeison.1303@hotmail.com","CHEVROLET","2019","AUTOMOVIL","AUTOMOVIL","SPARK LS","KL8CA6SA4KC703839","LV7181580435","Blanco","Sindy Aguirre","","a014N00000Uqrn6","0014N0000349Jo7","BO - Renovacion año:  - Placa: P065JYW - Servicio: PLUS","0124N0000002qlJQAQ","Renovacion","2026-10-09","2026-10-09","Pendiente de contacto","Renovaciones Ventas BPO"
"PLUS","ERVIN ENRIQUE LOPEZ MENDEZ","C966BXB","11/19/2025","11/18/2026","31359878","31359878","transportesshalom5@gmail.com","Volvo","2000","CABEZAL","CABEZAL","VNL64T","YN235394","06R05229226067BK50","Negro","Sindy Aguirre","","a01VX000000WQkC","0014N00003LwZP3","BO - Renovacion año:  - Placa: C966BXB - Servicio: PLUS","0124N0000002qlJQAQ","Renovacion","2026-10-09","2026-10-09","Pendiente de contacto","Renovaciones Ventas BPO"
"PLUS","JORGE FABIAN MILIAN PINZON","P846JCH","11/19/2024","11/18/2026","55157030","55157030","miliangalvez@gmail.com","Nissan","2022","PICK UP","PICK UP","FRONTIER LE 4*4","3N6CD33B8ZK428482","YD25725393P","Negro","Sindy Aguirre","","a01VX00000Hj0jd","001VX00000G2tiL","BO - Renovacion año:  - Placa: P846JCH - Servicio: PLUS","0124N0000002qlJQAQ","Renovacion","2026-10-09","2026-10-09","Pendiente de contacto","Renovaciones Ventas BPO"
"PLUS","JORGE MENDOZA FRANCISCO","C121BSM","11/19/2025","11/18/2026","42206828","42206828","jorge-mendoza25@hotmail.com","KIA","2020","CAMION","CAMION","K3000S","KNCWJX2AL7372744","JT743353","Blanco","Sindy Aguirre","","a014N00000QvIcZ","0014N00001pLt33","BO - Renovacion año:  - Placa: C121BSM - Servicio: PLUS","0124N0000002qlJQAQ","Renovacion","2026-10-09","2026-10-09","Pendiente de contacto","Renovaciones Ventas BPO"
"RF","ASOCIACION NACIONAL DE AVICULTORES - ANAVI -","P881GKC","11/20/2025","11/19/2026","23603094","23603084","anavi@anaviguatemala.org","Nissan","2017","PICK UP","PICK UP","NP300 4X4","3N6CD33D4ZK366466","YD25650166P","Gris","Sindy Aguirre","","a014N00000Uprd0","0014N00003495Cs","BO - Renovacion año:  - Placa: P881GKC - Servicio: RF","0124N0000002qlJQAQ","Renovacion","2026-10-09","2026-10-09","Pendiente de contacto","Renovaciones Ventas BPO"
"PLUS","CONSTRUCTORA CPM SOCIEDAD ANONIMA","S301889","11/20/2025","11/19/2026","30710314","30710314","agarcia@cpm.construction","JAC","2026","CAMION","CAMION","HFC1040KN","LJ11KBAC3T1301889","HFC4DA11S4003960","Blanco","Sindy Aguirre","","a01VX00000j14m2","001VX00000H3UW6","BO - Renovacion año:  - Placa: S301889 - Servicio: PLUS","0124N0000002qlJQAQ","Renovacion","2026-10-09","2026-10-09","Pendiente de contacto","Renovaciones Ventas BPO"
"PLUS","CONSTRUCTORA CPM SOCIEDAD ANONIMA","S900797","11/20/2025","11/19/2026","30710314","30710314","agarcia@cpm.construction","JAC","2025","CAMION","CAMION","HFCN75","LJ11KFBE5S1900797","B45EIII16084628654","Blanco","Sindy Aguirre","","a01VX00000j14hB","001VX00000H3UW6","BO - Renovacion año:  - Placa: S900797 - Servicio: PLUS","0124N0000002qlJQAQ","Renovacion","2026-10-09","2026-10-09","Pendiente de contacto","Renovaciones Ventas BPO"
"PLUS","JUAN JOSE ORTIZ AVILA","C995BVQ","9/20/2024","11/19/2026","54127691","54127691","autocamionesdelsur@gmail.com","CHEVROLET","1999","CAMION","CAMION","W4500 GMC","JX7009019","JX7009019","BLANCO Y NEGRO","Sindy Aguirre","","a014N00000Xl4LI","0014N00003MVnVx","BO - Renovacion año:  - Placa: C995BVQ - Servicio: PLUS","0124N0000002qlJQAQ","Renovacion","2026-10-09","2026-10-09","Pendiente de contacto","Renovaciones Ventas BPO"
"PLUS","HEBER OTTONIEL ROJAS ESPINO","P675GWM","11/21/2025","11/20/2026","42180593","42180593","heber.otto@hotmail.com","Toyota","2014","CAMIONETA","CAMIONETA","SEQUOIA SR5","5TDZY5G10E5056113","3UR5870390","Gris Policromado","Sindy Aguirre","","a014N00000QvZZd","0014N00001pMCjU","BO - Renovacion año:  - Placa: P675GWM - Servicio: PLUS","0124N0000002qlJQAQ","Renovacion","2026-10-09","2026-10-09","Pendiente de contacto","Renovaciones Ventas BPO"
"PLUS","IMPORTADORA Y TRANSPORTES LA BENDICION SOCIEDAD ANONIMA","C697CBK","11/21/2025","11/20/2026","54127691","54127691","autocamionesdelsurr@gmail.com","FREIGHTLINER","2007","CAMION","CAMION","CL120064ST COLUMBIA","1FUJA6CK97LX34235","6067HV6E06R0895589","BLANCO CON FJAS CORINTO BLANCO Y CELESTE","Sindy Aguirre","","a01VX00000j0sbB","001VX00000dSpFe","BO - Renovacion año:  - Placa: C697CBK - Servicio: PLUS","0124N0000002qlJQAQ","Renovacion","2026-10-09","2026-10-09","Pendiente de contacto","Renovaciones Ventas BPO"
"PLUS","ESTUARDO ANTONIO DE PAZ VELASQUEZ","C239BZN","11/22/2025","11/21/2026","53034770","53034770","estuardodp@gmail.com","Hino","2025","CAMION","CAMION","XZU600L-WKMMJ3","JHHACJ3F5SK510706","N04CWF22788","Blanco","Sindy Aguirre","","a01VX00000gtaPF","001VX000000UbTb","BO - Renovacion año:  - Placa: C239BZN - Servicio: PLUS","0124N0000002qlJQAQ","Renovacion","2026-10-09","2026-10-09","Pendiente de contacto","Renovaciones Ventas BPO"
"PLUS","ESTUARDO ANTONIO DE PAZ VELASQUEZ","P222DBG","11/22/2025","11/21/2026","53034770","53034770","estuardodp@gmail.com","TOYOTA","1983","PICK UP","PICK UP","DLX 4X4","RN48081585","5L1912031TF","Beige","Sindy Aguirre","","a01VX000000p7Vj","001VX000000UbTb","BO - Renovacion año:  - Placa: P222DBG - Servicio: PLUS","0124N0000002qlJQAQ","Renovacion","2026-10-09","2026-10-09","Pendiente de contacto","Renovaciones Ventas BPO"
"PLUS","GRUPO MACORIS SOCIEDAD ANONIMA","P841KXX","11/22/2025","11/21/2026","59829320","59829320","kevin.gomez@forzalatam.com","Land Rover","2024","CAMIONETA","CAMIONETA","Range Rover","SAL1A2BU8RA184147","240117Z0473PT306","GRIS BORASCO","Sindy Aguirre","","a01VX00000Ht8Sz","001VX00000DacfB","BO - Renovacion año:  - Placa: P841KXX - Servicio: PLUS","0124N0000002qlJQAQ","Renovacion","2026-10-09","2026-10-09","Pendiente de contacto","Renovaciones Ventas BPO"
"PLUS","JUAN CARLOS VASQUEZ MORALES","S05057K","11/22/2025","11/21/2026","50133333","35656604","jcvasquezmo@hotmail.com","Hyundai","2024","MAQUINARIA AMARILLA","EXCAVADORA","HX225SL","UKHK606PE0005057K","UKHK606PE0005057K","Amarillo","Sindy Aguirre","","a01VX00000I1bUd","001VX00000HgnSP","BO - Renovacion año:  - Placa: S05057K - Servicio: PLUS","0124N0000002qlJQAQ","Renovacion","2026-10-09","2026-10-09","Pendiente de contacto","Renovaciones Ventas BPO"
"RF","MACARIO AVILA LIMA","TC059CHG","11/22/2025","11/21/2026","53407699","53407699","administracion@transporteselton.com","STOUGHTON","2001","FURGON","FURGON","AVW535TSCAR","1DW1A53231S436904","1DW1A53231S436904","Blanco","Sindy Aguirre","","a014N00000X4DeY","0014N00003HNGvG","BO - Renovacion año:  - Placa: TC059CHG - Servicio: RF","0124N0000002qlJQAQ","Renovacion","2026-10-09","2026-10-09","Pendiente de contacto","Renovaciones Ventas BPO"
"GPS","MICHELLE ALONDRA RIVERA PEREZ DE HERRERA","C188BVL","11/22/2025","11/21/2026","42883323","42883323","mariveraperez25@gmail.com","Sterling","2008","CABEZAL","CABEZAL","A9500","2FWJA3CV98AAC4046","460975U0907273","Blanco","Sindy Aguirre","","a01VX00000j0pdJ","001VX00000ZjaZT","BO - Renovacion año:  - Placa: C188BVL - Servicio: GPS","0124N0000002qlJQAQ","Renovacion","2026-10-09","2026-10-09","Pendiente de contacto","Renovaciones Ventas BPO"
"PLUS","TROLEX, S. A.","P472FKG","11/22/2025","11/21/2026","46546661","22246700","asistente.guatemala@gt.trolex.net","Chevrolet","2012","PANEL","Panel","Cmv","KL16B0A55CC123978","F8CB853169KC2","Blanco","Sindy Aguirre","","a014N00000Vx4J9","0016100001fhXKx","BO - Renovacion año:  - Placa: P472FKG - Servicio: PLUS","0124N0000002qlJQAQ","Renovacion","2026-10-09","2026-10-09","Pendiente de contacto","Renovaciones Ventas BPO"
"PLUS","LUIS ARMANDO PAZ BARRIOS","P457FBP","11/23/2025","11/22/2026","58950555","58950555","luispaz_377@hotmail.com","Toyota","2011","CAMIONETA","Camioneta","Fortuner","MR0YZ59G9B1107455","1KD5274303","Plata","Sindy Aguirre","","a01VX00000iKgxp","001VX00000iKfor","BO - Renovacion año:  - Placa: P457FBP - Servicio: PLUS","0124N0000002qlJQAQ","Renovacion","2026-10-09","2026-10-09","Pendiente de contacto","Renovaciones Ventas BPO"
"GPS","DIANA FABIOLA ORELLANA QUIJADA","P737HYM","11/25/2025","11/24/2026","42001079","42001079","diana.orellana11@hotmail.com","CHANGAN","2021","PICK UP","PICK UP","MD201","LSCAB53R0MG801200","JL473QK30A506898","Blanco","Sindy Aguirre","","a014N00000X2qSN","0014N00003NRmym","BO - Renovacion año:  - Placa: P737HYM - Servicio: GPS","0124N0000002qlJQAQ","Renovacion","2026-10-09","2026-10-09","Pendiente de contacto","Renovaciones Ventas BPO"
"PLUS","JULIO RODOLFO CARRILLO BLAS","P508KYW","10/25/2025","11/24/2026","42571208","42571208","aseguradoras@detektor.com.gt","Mitsubishi","2025","PICK UP","PICK UP","L200 GLS 4WD","MMBJLLC10SH000923","4N16UAD7442","Bronce","Sindy Aguirre","","a01VX00000Fgfnj","001VX000001lbQ9","BO - Renovacion año:  - Placa: P508KYW - Servicio: PLUS","0124N0000002qlJQAQ","Renovacion","2026-10-09","2026-10-09","Pendiente de contacto","Renovaciones Ventas BPO"
"PLUS","EDWIN ESTUARDO SOSA ALVAREZ","P692HTR","11/26/2025","11/25/2026","55926434","55926434","estuardososa14denoviembre1994@gmail.com","NISSAN","2025","PICK UP","PICK UP","FRONTIER LE 4*4","3N6CD33B8ZK472031","YD25789100P","Negro","Sindy Aguirre","","a01VX00000j03Gx","001VX000009vyDZ","BO - Renovacion año:  - Placa: P692HTR - Servicio: PLUS","0124N0000002qlJQAQ","Renovacion","2026-10-09","2026-10-09","Pendiente de contacto","Renovaciones Ventas BPO"
"PLUS","ELIAZAR ABIMAEL ASENCIO PEREZ","P681FNJ","11/26/2025","11/25/2026","59637542","59637542","asencioabimael3@gmail.com","TOYOTA","1991","PICK UP","PICK UP","4X2 DLX","RN805090820","307522822R","BLANCO FS AZULES","Sindy Aguirre","","a01VX00000j0kc3","001VX00000hgSIU","BO - Renovacion año:  - Placa: P681FNJ - Servicio: PLUS","0124N0000002qlJQAQ","Renovacion","2026-10-09","2026-10-09","Pendiente de contacto","Renovaciones Ventas BPO"
"PLUS","IMPORTADORA Y TRANSPORTES LA BENDICION SOCIEDAD ANONIMA","C879CBR","11/26/2025","11/25/2026","54127691","54127691","autocamionesdelsurr@gmail.com","FREIGHTLINER","2010","CAMION","CABEZAL","COLUMBIA CL 120064S T","1FVXA7003ADAR0234","06R03432646067BK60","Amarillo","Sindy Aguirre","","a01VX00000j0Xjh","001VX00000dSpFe","BO - Renovacion año:  - Placa: C879CBR - Servicio: PLUS","0124N0000002qlJQAQ","Renovacion","2026-10-09","2026-10-09","Pendiente de contacto","Renovaciones Ventas BPO"
"PLUS","ALEJANDRA MARIA CORDOVA BARILLAS","P443DWR","11/27/2025","11/26/2026","79511902","57775518","darcadelacruz@hotmail.com","Toyota","2010","CAMIONETA","Camioneta Pasajeros 5 Puertas","Prado Vx","JTEBU3FJ6A5002088","1GR-A027986","Gris Azulado","Sindy Aguirre","","a01VX00000jCPIT","001VX00000jCOkb","BO - Renovacion año:  - Placa: P443DWR - Servicio: PLUS","0124N0000002qlJQAQ","Renovacion","2026-10-09","2026-10-09","Pendiente de contacto","Renovaciones Ventas BPO"
"PLUS","CONSTRUCTORA CPM SOCIEDAD ANONIMA","SP15671","11/27/2025","11/26/2026","30710314","30710314","agarcia@cpm.construction","CATERPILLAR","2025","MAQUINARIA AMARILLA","RETREOEXCAVADORA","416","CAT00416HL9P15671","CAT00416HL9P15671","Amarillo","Sindy Aguirre","","a01VX00000j14MD","001VX00000H3UW6","BO - Renovacion año:  - Placa: SP15671 - Servicio: PLUS","0124N0000002qlJQAQ","Renovacion","2026-10-09","2026-10-09","Pendiente de contacto","Renovaciones Ventas BPO"
"PLUS","CONSTRUCTORA CPM SOCIEDAD ANONIMA","SW51243","11/27/2025","11/26/2026","30710314","30710314","agarcia@cpm.construction","CATERPILLAR","2025","MAQUINARIA AMARILLA","EXCAVADORA","320GX","CAT00320PSYW51243","CAT00320PSYW51243","Amarillo","Sindy Aguirre","","a01VX00000j10yY","001VX00000H3UW6","BO - Renovacion año:  - Placa: SW51243 - Servicio: PLUS","0124N0000002qlJQAQ","Renovacion","2026-10-09","2026-10-09","Pendiente de contacto","Renovaciones Ventas BPO"
"PLUS","CONSTRUCTORA CPM SOCIEDAD ANONIMA","SW51522","11/27/2025","11/26/2026","30710314","30710314","agarcia@cpm.construction","CATERPILLAR","2025","MAQUINARIA AMARILLA","EXCAVADORA","320GX","CAT00320JSYW51522","CAT00320JSYW51522","Amarillo","Sindy Aguirre","","a01VX00000izjv0","001VX00000H3UW6","BO - Renovacion año:  - Placa: SW51522 - Servicio: PLUS","0124N0000002qlJQAQ","Renovacion","2026-10-09","2026-10-09","Pendiente de contacto","Renovaciones Ventas BPO"
"PLUS","FOLIARES ORGANICOS Y BIOLOGICOS, SOCIEDAD ANONIMA","P026HSC","11/27/2025","11/26/2026","24791154","55899623","ggasparico@gmail.com","TOYOTA","2021","PICK UP","Camioneta Pasajeros","Hilux","8AJKB3CD6M1624466","2GD4826812","ROJO METALICO","Sindy Aguirre","","a014N00000SM7qZ","0014N00002OoS0K","BO - Renovacion año:  - Placa: P026HSC - Servicio: PLUS","0124N0000002qlJQAQ","Renovacion","2026-10-09","2026-10-09","Pendiente de contacto","Renovaciones Ventas BPO"
"RF","FOLIARES ORGANICOS Y BIOLOGICOS, SOCIEDAD ANONIMA","P719FQY","11/27/2025","11/26/2026","24791154","55899623","ggasparico@gmail.com","Mazda","2014","PICK UP","PICK UP CABINA SENCILLA","Bt-50","MM7UNY0W4E0933433","WLAT1380435","Gris","Sindy Aguirre","","a01VX00000FLeuy","0014N00002OoS0K","BO - Renovacion año:  - Placa: P719FQY - Servicio: RF","0124N0000002qlJQAQ","Renovacion","2026-10-09","2026-10-09","Pendiente de contacto","Renovaciones Ventas BPO"
"GPS","JOSE GILDARDO OROZCO VEGA","C714BYK","11/27/2025","11/26/2026","30381491","30381491","trancombostbleso@hotmail.com","FREIGHTLINER","2014","CABEZAL","CABEZAL","CASCADIA 125","3AKJGLD52ESFH2499","472906S0180903","Celeste Policromado","Sindy Aguirre","","a01VX00000I1vEp","0014N00001hv3ZS","BO - Renovacion año:  - Placa: C714BYK - Servicio: GPS","0124N0000002qlJQAQ","Renovacion","2026-10-09","2026-10-09","Pendiente de contacto","Renovaciones Ventas BPO"
"GPS","JOSE GILDARDO OROZCO VEGA","C756BZH","11/27/2025","11/26/2026","30381491","30381491","trancombostbleso@hotmail.com","FREIGHTLINER","2007","CABEZAL","CABEZAL","CENTURY CLASS","1FUJBBCK87LX43465","06R09005066067HV6E","BLANCO Y AMARILLO","Sindy Aguirre","","a01VX00000I1oYL","0014N00001hv3ZS","BO - Renovacion año:  - Placa: C756BZH - Servicio: GPS","0124N0000002qlJQAQ","Renovacion","2026-10-09","2026-10-09","Pendiente de contacto","Renovaciones Ventas BPO"
"PLUS","R&M, SOCIEDAD ANONIMA","S0C0006","11/27/2025","11/26/2026","30330033","30330033","rymsa.guate@gmail.com","XGMA","2023","MAQUINARIA AMARILLA","Excavadora Hidraulica","XG822EL","CXG00822CH0C0006","CXG00822CH0C0006","Amarillo","Sindy Aguirre","","a01VX000000yux2","001VX000000pilP","BO - Renovacion año:  - Placa: S0C0006 - Servicio: PLUS","0124N0000002qlJQAQ","Renovacion","2026-10-09","2026-10-09","Pendiente de contacto","Renovaciones Ventas BPO"
"PLUS","DISTRIBUIDORA LA MARCA SOCIEDAD ANONIMA","C011BVW","11/28/2025","11/27/2026","41493859","41493859","rubelio.sandoval@lamarca.com.gt","Mitsubishi","2022","CAMION","CAMION","Fuso","JLBFE84CENKU50117","4D33R59395","Blanco","Sindy Aguirre","","a01VX00000fhP6n","001VX000009dgob","BO - Renovacion año:  - Placa: C011BVW - Servicio: PLUS","0124N0000002qlJQAQ","Renovacion","2026-10-09","2026-10-09","Pendiente de contacto","Renovaciones Ventas BPO"
"PLUS","DISTRIBUIDORA LA MARCA SOCIEDAD ANONIMA","C603BSS","11/28/2025","11/27/2026","41493859","41493859","rubelio.sandoval@lamarca.com.gt","International","2013","CAMION","CAMION FURGON","4300","1HTMMAAN7DH312655","469GM2U0938076","Blanco","Sindy Aguirre","","a01VX00000I9fCu","001VX000009dgob","BO - Renovacion año:  - Placa: C603BSS - Servicio: PLUS","0124N0000002qlJQAQ","Renovacion","2026-10-09","2026-10-09","Pendiente de contacto","Renovaciones Ventas BPO"
"PLUS","MARIO RONALDO PIVARAL GARCIA","C621BRD","11/28/2024","11/27/2026","40185697","24103737","RAPIGAS@YAHOO.ES","International","2011","CAMION","CABEZAL","PROSTAR","1HSDGSJN0BJ366192","1S125HM2Y41006","Blanco","Sindy Aguirre","","a01VX00000I34Co","0014N00003O9tfb","BO - Renovacion año:  - Placa: C621BRD - Servicio: PLUS","0124N0000002qlJQAQ","Renovacion","2026-10-09","2026-10-09","Pendiente de contacto","Renovaciones Ventas BPO"
"PLUS","RAUL ESTIRLING BARNEOND BOLAÑOS","P416KKS","11/28/2025","11/27/2026","59511651","59511651","rbarneond@gmail.com","Mitsubishi","2024","CAMIONETA","PICK UP","ECLIPSE CROSS","JMYXTGK2WRZ000281","C764604B11","Blanco Perla","Sindy Aguirre","","a01VX0000013l58","0014N00002AEU8c","BO - Renovacion año:  - Placa: P416KKS - Servicio: PLUS","0124N0000002qlJQAQ","Renovacion","2026-10-09","2026-10-09","Pendiente de contacto","Renovaciones Ventas BPO"
"PLUS","TROLEX, S. A.","P002FNS","11/28/2025","11/27/2026","46546661","22246700","asistente.guatemala@gt.trolex.net","Chevrolet","2013","PANEL","Panel","Cmv","F8CB 023803KD2","KL16B0A58DC032690","Blanco","Sindy Aguirre","","a014N00000Vx4JT","0016100001fhXKx","BO - Renovacion año:  - Placa: P002FNS - Servicio: PLUS","0124N0000002qlJQAQ","Renovacion","2026-10-09","2026-10-09","Pendiente de contacto","Renovaciones Ventas BPO"
"PLUS","CENTRAL TRACTOR GUATEMALA SOCIEDAD ANONIMA","SF10103","11/29/2025","11/28/2026","30527404","30527404","jperdomo@centraltractor.net","CATERPILLAR","2025","MAQUINARIA AMARILLA","Retroexcavadora","312 C","CAT00312JJKF10103","CAT00312JJKF10103","Amarillo","Sindy Aguirre","","a01VX00000jNcyk","001VX000002hcYl","BO - Renovacion año:  - Placa: SF10103 - Servicio: PLUS","0124N0000002qlJQAQ","Renovacion","2026-10-09","2026-10-09","Pendiente de contacto","Renovaciones Ventas BPO"
"GPS","COMERCIALIZADORA TECNOQUIM SOCIEDAD ANONIMA","P312LDS","11/29/2025","11/28/2026","58790794","58790794","luis.nbiq@gmail.com","CHANGAN","2026","PANEL","PANEL","M201","LS4AAB3R5TG800345","JL473QR30C508621","BLANCO Y CALCOMANIAS MULTICOLOR","Sindy Aguirre","","a01VX00000jCatp","001VX00000jCWbi","BO - Renovacion año:  - Placa: P312LDS - Servicio: GPS","0124N0000002qlJQAQ","Renovacion","2026-10-09","2026-10-09","Pendiente de contacto","Renovaciones Ventas BPO"
"PLUS","DISTRIBUIDORA LA MARCA SOCIEDAD ANONIMA","C008BVW","11/29/2025","11/28/2026","41493859","41493859","rubelio.sandoval@lamarca.com.gt","Mitsubishi","2022","CAMION","CAMION","Fuso","JLBFE84CENKU50119","JLBFE84CENKU50119","Blanco","Sindy Aguirre","","a01VX00000I9Y3L","001VX000009dgob","BO - Renovacion año:  - Placa: C008BVW - Servicio: PLUS","0124N0000002qlJQAQ","Renovacion","2026-10-09","2026-10-09","Pendiente de contacto","Renovaciones Ventas BPO"
"PLUS","DISTRIBUIDORA LA MARCA SOCIEDAD ANONIMA","C009BVW","11/29/2025","11/28/2026","41493859","41493859","rubelio.sandoval@lamarca.com.gt","Mitsubishi","2022","CAMION","CAMION","Fuso","JLBFE84CENKU50101","4D33R57646","Blanco","Sindy Aguirre","","a01VX00000IA1gP","001VX000009dgob","BO - Renovacion año:  - Placa: C009BVW - Servicio: PLUS","0124N0000002qlJQAQ","Renovacion","2026-10-09","2026-10-09","Pendiente de contacto","Renovaciones Ventas BPO"
"PLUS","EDWIN JAVIER COBON HERNANDEZ","S000686","11/29/2025","11/28/2026","42269851","42269851","marleny@infouniquestoregt.com","HAOJUE","2025","MOTOCICLETA","MOTO","DM150","LC6PCKBG0S0000686","162FMJ3X1G13416","Negro","Sindy Aguirre","","a01VX00000IFq7E","001VX00000HLgSJ","BO - Renovacion año:  - Placa: S000686 - Servicio: PLUS","0124N0000002qlJQAQ","Renovacion","2026-10-09","2026-10-09","Pendiente de contacto","Renovaciones Ventas BPO"
"PLUS","FOLIARES ORGANICOS Y BIOLOGICOS, SOCIEDAD ANONIMA","P742HSB","11/29/2025","11/28/2026","24791154","55899623","ggasparico@gmail.com","Suzuki","2020","AUTOMOVIL","AUTOMOVIL","Swift","MBHZC63S9LG535302","K12MP1159574","Plateado","Sindy Aguirre","","a014N00000SM7qj","0014N00002OoS0K","BO - Renovacion año:  - Placa: P742HSB - Servicio: PLUS","0124N0000002qlJQAQ","Renovacion","2026-10-09","2026-10-09","Pendiente de contacto","Renovaciones Ventas BPO"
"PLUS","JORGE GEREMIAS JIGUAN REYNOSO","C587BXV","11/29/2024","11/28/2026","40554736","40554736","yorchgeremy@gmail.com","FreightLiner","2000","CABEZAL","CABEZAL","D132064T CLASSIC XL","1FUPCSZBXYLF66145","06R05036536067BK60Q","CORINTO Y DORADO","Sindy Aguirre","","a01VX00000INNT4","001VX00000IKODV","BO - Renovacion año:  - Placa: C587BXV - Servicio: PLUS","0124N0000002qlJQAQ","Renovacion","2026-10-09","2026-10-09","Pendiente de contacto","Renovaciones Ventas BPO"
"RF","JOSE ALBERTO JOCHOLA SANCHEZ","C664BPN","9/29/2024","11/28/2026","58698953","58698953","josejocho8@gmail.com","Toyota","2016","MICROBUS","Microbus","Hiace","JTFSS22P0G0146683","2KD-A842948","Azul","Sindy Aguirre","","a014N00000Xl4oc","0014N00003SOPwh","BO - Renovacion año:  - Placa: C664BPN - Servicio: RF","0124N0000002qlJQAQ","Renovacion","2026-10-09","2026-10-09","Pendiente de contacto","Renovaciones Ventas BPO"
"GPS","JOSE GILDARDO OROZCO VEGA","C390BZY","11/29/2025","11/28/2026","30381491","30381491","trancombostbleso@hotmail.com","FREIGHTLINER","2009","CABEZAL","CABEZAL","CASCADIA 125","1FUJGLCK89LAE0086","6067HGBE06R1002793","Celeste Policromado","Sindy Aguirre","","a01VX00000gtx45","0014N00001hv3ZS","BO - Renovacion año:  - Placa: C390BZY - Servicio: GPS","0124N0000002qlJQAQ","Renovacion","2026-10-09","2026-10-09","Pendiente de contacto","Renovaciones Ventas BPO"
"PLUS","JOSE RICARDO QUEZADA","C093BYB","11/29/2024","11/28/2026","32745180","32745180","constructora_rj@yahoo.com","Kenworth","2010","CAMION","CAMION DE VOLTEO","T800","294172","79445860","GRIS Y AZUL POLICROMADO","Sindy Aguirre","","a01VX00000INbm5","001VX00000IEbuz","BO - Renovacion año:  - Placa: C093BYB - Servicio: PLUS","0124N0000002qlJQAQ","Renovacion","2026-10-09","2026-10-09","Pendiente de contacto","Renovaciones Ventas BPO"
"PLUS","JOSE RICARDO QUEZADA","C399BBP","11/29/2024","11/28/2026","32745180","32745180","constructora_rj@yahoo.com","FreightLiner","1992","CAMION","CAMION VOLTEO","D120064ST","1FUYDCYB2NH526467","11637495","CAFE Y BLANCO FJS AZUL BLANCAS Y NEGRAS","Sindy Aguirre","","a01VX00000INbxN","001VX00000IEbuz","BO - Renovacion año:  - Placa: C399BBP - Servicio: PLUS","0124N0000002qlJQAQ","Renovacion","2026-10-09","2026-10-09","Pendiente de contacto","Renovaciones Ventas BPO"
"PLUS","JOSE RICARDO QUEZADA","SW11311","11/29/2024","11/28/2026","32745180","32745180","constructora_rj@yahoo.com","Caterpillar","2022","MAQUINARIA AMARILLA","COMPACTADORA","320GX","CAT000320PSYW11311","CAT000320PSYW11311","Amarillo","Sindy Aguirre","","a01VX00000INP6c","001VX00000IEbuz","BO - Renovacion año:  - Placa: SW11311 - Servicio: PLUS","0124N0000002qlJQAQ","Renovacion","2026-10-09","2026-10-09","Pendiente de contacto","Renovaciones Ventas BPO"
"RF","LUIS CARLOS ARROYO MATUTE","P797KBX","11/29/2024","11/28/2026","30330007","30330007","lcarroyo21@gmail.com","Mitsubishi","2023","PICK UP","Pick Up 4X2","L200","MMVJLKL10PH012222","4N15UJJ8181","GRIS METALICO","Sindy Aguirre","","a014N00000X2x7r","0014N00003MVC2I","BO - Renovacion año:  - Placa: P797KBX - Servicio: RF","0124N0000002qlJQAQ","Renovacion","2026-10-09","2026-10-09","Pendiente de contacto","Renovaciones Ventas BPO"
"GPS","MARIO DAVID GALAN OCHOA","P628KKR","10/29/2025","11/28/2026","41508455","41508455","davidgalan_1@hotmail.com","Mitsubishi","2024","PICK UP","PICK UP","L200 GLS 4WD","MMBJJKL10RH003032","4N15UKB2229","GRIS METALICO","Sindy Aguirre","","a014N00000UovE8","0014N00002zp9JM","BO - Renovacion año:  - Placa: P628KKR - Servicio: GPS","0124N0000002qlJQAQ","Renovacion","2026-10-09","2026-10-09","Pendiente de contacto","Renovaciones Ventas BPO"
"PLUS","MARLON ANIBAL BARRIENTOS GUDIEL","SB02631","11/29/2025","11/28/2026","55859359","55859359","barrientosmarlon497@gmail.com","Bajaj","2026","MOTOCICLETA","MOTO","PULSAR 200 NS UG","MD2A36FX2TCB02631","JLXCSB68620","BLANCO CON FRANJAS MULTICOLOR","Sindy Aguirre","","a01VX00000j0Mzy","001VX00000iQFyC","BO - Renovacion año:  - Placa: SB02631 - Servicio: PLUS","0124N0000002qlJQAQ","Renovacion","2026-10-09","2026-10-09","Pendiente de contacto","Renovaciones Ventas BPO"
"RF","TRANSGAL, SOCIEDAD ANONIMA","TC38CHN","11/29/2025","11/28/2026","49188826","23134526","alexander.galvez@transgalsa.com.gt","FONTAINE","1990","PLATAFORMA","PLATAFORMA","SIN LINEA","15286","15286","Azul","Sindy Aguirre","","a01VX00000jCEzr","0014N00003PpxnW","BO - Renovacion año:  - Placa: TC38CHN - Servicio: RF","0124N0000002qlJQAQ","Renovacion","2026-10-09","2026-10-09","Pendiente de contacto","Renovaciones Ventas BPO"
"PLUS","TRANSPORTES RIVERA","C579BYJ","9/29/2025","11/28/2026","51653945","51653945","georivera0809@gmail.com","FreightLiner","2011","CABEZAL","CABEZAL","CASCADIA 125","1FUJGLDR1BSAZ3740","472903S0050852","Blanco","Sindy Aguirre","","a01VX00000EwIhH","001VX00000Ew1gP","BO - Renovacion año:  - Placa: C579BYJ - Servicio: PLUS","0124N0000002qlJQAQ","Renovacion","2026-10-09","2026-10-09","Pendiente de contacto","Renovaciones Ventas BPO"
"PLUS","WESTCORP, SOCIEDAD ANONIMA","C912BQW","10/29/2025","11/28/2026","47877367","47877367","koarloss@gmail.com","Isuzu","2018","CAMION","CAMION","QKR","JAA1KR55HJ7100127","3C4498","Blanco","Sindy Aguirre","","a014N00000TeDPK","0014N00002GFFtB","BO - Renovacion año:  - Placa: C912BQW - Servicio: PLUS","0124N0000002qlJQAQ","Renovacion","2026-10-09","2026-10-09","Pendiente de contacto","Renovaciones Ventas BPO"
"GPS","ASOCIACION PARA LA PROMOCION Y EL DESARROLLO DE LA COMUNIDAD CEIBA","P299GGS","9/30/2024","11/29/2026","78396033","40307574","administracion@ceibaguate.org","Isuzu","2016","PICK UP","PICK UP","D-MAX GT","MPATFS85JGT000581","NU5304","GRIS MINERAL METALICO","Sindy Aguirre","","a014N00000WogOc","0014N00003MjkCo","BO - Renovacion año:  - Placa: P299GGS - Servicio: GPS","0124N0000002qlJQAQ","Renovacion","2026-10-09","2026-10-09","Pendiente de contacto","Renovaciones Ventas BPO"
"GPS","COLUMBUS NETWORKS DE GUATEMALA, LIMITADA","P701KBX","11/30/2025","11/29/2026","23844514","59902238","ap.guatemala@cwc.com","TOYOTA","2023","AUTOMOVIL","AUTOMOVIL","Yaris","MR2K19F3XP1072879","1NR5597026","Super Blanco II","Sindy Aguirre","","a014N00000X2x5b","0014N00003KlEh2","BO - Renovacion año:  - Placa: P701KBX - Servicio: GPS","0124N0000002qlJQAQ","Renovacion","2026-10-09","2026-10-09","Pendiente de contacto","Renovaciones Ventas BPO"
"GPS","COLUMBUS NETWORKS DE GUATEMALA, LIMITADA","P702KBX","11/30/2025","11/29/2026","23844514","59902238","ap.guatemala@cwc.com","TOYOTA","2023","AUTOMOVIL","AUTOMOVIL","AGYA","MHKA4DE40PJ008331","1KRA704002","Blanco","Sindy Aguirre","","a014N00000X2x6F","0014N00003KlEh2","BO - Renovacion año:  - Placa: P702KBX - Servicio: GPS","0124N0000002qlJQAQ","Renovacion","2026-10-09","2026-10-09","Pendiente de contacto","Renovaciones Ventas BPO"
"SMARTWORK","INDUSTRIAS CONCEPTO DEL PACIFICO GUATEMALA SOCIEDAD ANONIMA","42255052","9/30/2024","11/29/2026","42255052","42255052","m.lopez@printdepot-ca.com","SAMSUNG","2023","CELULAR","CELULAR","A51","50242255052","50242255052","Negro","Sindy Aguirre","","a014N00000Xl4vn","0014N00003SO094","BO - Renovacion año:  - Placa: 42255052 - Servicio: SMARTWORK","0124N0000002qlJQAQ","Renovacion","2026-10-09","2026-10-09","Pendiente de contacto","Renovaciones Ventas BPO"
"GPS","INDUSTRIAS CONCEPTO DEL PACIFICO GUATEMALA SOCIEDAD ANONIMA","P619HLK","9/30/2024","11/29/2026","42255052","42255052","m.lopez@printdepot-ca.com","CHEVROLET","2019","PANEL","PANEL","N300 MAX","LZWCCAGA3KE303236","LAQUJA2420585","Blanco","Sindy Aguirre","","a014N00000Xl4vV","0014N00003SO094","BO - Renovacion año:  - Placa: P619HLK - Servicio: GPS","0124N0000002qlJQAQ","Renovacion","2026-10-09","2026-10-09","Pendiente de contacto","Renovaciones Ventas BPO"
"PLUS","JOSE ROLANDO GIL MONTERROSO","C116BJH","11/30/2025","11/29/2026","42200097","42200097","jgilmontes745@gmail.com","HINO","2007","CAMION","CAMION","Wu410L-Hkmqs3","JHFUF11H301000374","W04DJ17897","Verde Con Blanco","Sindy Aguirre","","a01VX0000013p74","001VX000000u2lV","BO - Renovacion año:  - Placa: C116BJH - Servicio: PLUS","0124N0000002qlJQAQ","Renovacion","2026-10-09","2026-10-09","Pendiente de contacto","Renovaciones Ventas BPO"
"PLUS","JOSUE LEONEL ENRIQUE SOLIS SALGUERO","C396BZN","11/30/2025","11/29/2026","33270156","33270156","josuedw20@gmail.com","KIA","2025","CAMION","CAMION","K3000","KNCWJX72AS7805553","JT776061","Blanco","Sindy Aguirre","","a01VX00000IN67C","001VX00000IN3qt","BO - Renovacion año:  - Placa: C396BZN - Servicio: PLUS","0124N0000002qlJQAQ","Renovacion","2026-10-09","2026-10-09","Pendiente de contacto","Renovaciones Ventas BPO"
"RF","LUIS ADOLFO MORALES BARRIOS","P317JMY","11/30/2025","11/29/2026","24608101","24608101","lmoralesbarrios@yahoo.com","Toyota","2022","PICK UP","PICK UP","Hilux","8AJBA3CD8N1678291","1GD5021029","Blanco Perla","Sindy Aguirre","","a01VX00000IQ7uj","0014N00002GG61D","BO - Renovacion año:  - Placa: P317JMY - Servicio: RF","0124N0000002qlJQAQ","Renovacion","2026-10-09","2026-10-09","Pendiente de contacto","Renovaciones Ventas BPO"
"RF","LUIS ADOLFO MORALES BARRIOS","P591KVG","11/30/2025","11/29/2026","24608101","24608101","lmoralesbarrios@yahoo.com","Volkswagen","2023","PICK UP","PICKUP","AMAROK V6","WV1ZZZ2HZPA012159","DDX208221","PLATA PIRITA","Sindy Aguirre","","a01VX00000IPtgU","0014N00002GG61D","BO - Renovacion año:  - Placa: P591KVG - Servicio: RF","0124N0000002qlJQAQ","Renovacion","2026-10-09","2026-10-09","Pendiente de contacto","Renovaciones Ventas BPO"
"PLUS","MARIO ADOLFO MADRIGAL RAMAZZINI","P676GRN","11/30/2025","11/29/2026","52017525","52017525","info@reicodo.com","Hyundai","2014","AUTOMOVIL","AUTOMOVIL","Accent","KMHCT5AE3EU149364","G4FDDU545587","Blanco","Sindy Aguirre","","a014N00000X2x31","0014N00003LxwUB","BO - Renovacion año:  - Placa: P676GRN - Servicio: PLUS","0124N0000002qlJQAQ","Renovacion","2026-10-09","2026-10-09","Pendiente de contacto","Renovaciones Ventas BPO"
"PLUS","MARIO ADOLFO MADRIGAL RAMAZZINI","P934HKP","11/30/2025","11/29/2026","52017525","52017525","info@reicodo.com","Nissan","2015","PICK UP","Pick Up 4X2 Doble Cabina","Frontier","1N6BD0CT1FN716014","575418VQR25","Blanco","Sindy Aguirre","","a014N00000X2x2r","0014N00003LxwUB","BO - Renovacion año:  - Placa: P934HKP - Servicio: PLUS","0124N0000002qlJQAQ","Renovacion","2026-10-09","2026-10-09","Pendiente de contacto","Renovaciones Ventas BPO"
"PLUS","NELVI ELIDI QUIÑONEZ MORALES","P017FFH","11/30/2024","11/29/2026","47269210","47269210","saulomendez91@gmail.com","Toyota","2012","PICK UP","PICK UP","Hilux","MR0FZ29G1C1634798","1KD5541163","Gris Oscuro Mica Metalico","Sindy Aguirre","","a01VX00000INQQt","001VX00000Hqc5m","BO - Renovacion año:  - Placa: P017FFH - Servicio: PLUS","0124N0000002qlJQAQ","Renovacion","2026-10-09","2026-10-09","Pendiente de contacto","Renovaciones Ventas BPO"
"PLUS","NELVI ELIDI QUIÑONEZ MORALES","P532KGY","11/30/2024","11/29/2026","47269210","47269210","saulomendez91@gmail.com","Toyota","2023","PICK UP","PICK UP","Hilux","8AJDB3CD1P1332978","2GD1247393","Super Blanco II","Sindy Aguirre","","a01VX00000INGxu","001VX00000Hqc5m","BO - Renovacion año:  - Placa: P532KGY - Servicio: PLUS","0124N0000002qlJQAQ","Renovacion","2026-10-09","2026-10-09","Pendiente de contacto","Renovaciones Ventas BPO"
"PLUS","NELVI ELIDI QUIÑONEZ MORALES","P581HVN","11/30/2024","11/29/2026","47269210","47269210","saulomendez91@gmail.com","Volkswagen","2025","CAMIONETA","CAMIONETA SPORT","T-CROSS","9BWBH6BF9S4007066","DHS760896","Gris Platino","Sindy Aguirre","","a01VX00000INahx","001VX00000Hqc5m","BO - Renovacion año:  - Placa: P581HVN - Servicio: PLUS","0124N0000002qlJQAQ","Renovacion","2026-10-09","2026-10-09","Pendiente de contacto","Renovaciones Ventas BPO"
"PLUS","RODATECH AUTOMOTIVE SOCIEDAD ANONIMA","C472BSZ","11/30/2024","11/29/2026","45257604","66706262","auxiliarcontable.gtm@sprautomotive.com","International","2014","CABEZAL","CABEZAL","PROSTAR 122 6X4","3HSDJSJR3EN022393","125HM2Y4179487","Blanco","Sindy Aguirre","","a014N00000VGUoc","0014N00003Eg6Vj","BO - Renovacion año:  - Placa: C472BSZ - Servicio: PLUS","0124N0000002qlJQAQ","Renovacion","2026-10-09","2026-10-09","Pendiente de contacto","Renovaciones Ventas BPO"
"GPS","STEVEN RAUL SOLORZANO CARRILLO","M179MQX","11/30/2025","11/29/2026","42016495","42016495","carrillo.royal@gmail.com","Yamaha","2025","MOTOCICLETA","MOTOCICLETA","XTZ150","LBPDG3516S0065359","G3L1E185594","NEGRO CON FRANJAS MULTICOLOR","Sindy Aguirre","","a01VX00000jCYaI","001VX00000jCcAr","BO - Renovacion año:  - Placa: M179MQX - Servicio: GPS","0124N0000002qlJQAQ","Renovacion","2026-10-09","2026-10-09","Pendiente de contacto","Renovaciones Ventas BPO"
"GPS","BENJAMIN EMANUEL OSORIO VILLALTA","P358JQB","12/1/2023","11/30/2026","56182921","56182921","Mr.benja100@gmail.com","Nissan","2018","AUTOMOVIL","AUTOMOVIL","VERSA SV","3N1CN7AP8JL884537","HR16562645T","NEGRO POL","Sindy Aguirre","","a014N00000UY93c","0014N00003RZOQi","BO - Renovacion año:  - Placa: P358JQB - Servicio: GPS","0124N0000002qlJQAQ","Renovacion","2026-10-09","2026-10-09","Pendiente de contacto","Renovaciones Ventas BPO"
"GPS","NAUTILIO DAVID GOMEZ CINTO","C535BQZ","12/1/2025","11/30/2026","47695001","47695001","fepisang@hotmail.com","KIA","2018","CAMION","CAMION","K 3000S","KNCWJX72AJ7160659","JT716393","Blanco","Sindy Aguirre","","a01VX00000jVe5h","0014N00003Dx89U","BO - Renovacion año:  - Placa: C535BQZ - Servicio: GPS","0124N0000002qlJQAQ","Renovacion","2026-10-09","2026-10-09","Pendiente de contacto","Renovaciones Ventas BPO"
"PLUS","RODATECH AUTOMOTIVE SOCIEDAD ANONIMA","C253BTT","12/1/2024","11/30/2026","45257604","66706262","auxiliarcontable.gtm@sprautomotive.com","Hino","2021","CAMION","CAMION","FG8JM7A-JG2","JHDFG8JM7MXX10583","J08EWM10603","Blanco","Sindy Aguirre","","a014N00000VGUpB","0014N00003Eg6Vj","BO - Renovacion año:  - Placa: C253BTT - Servicio: PLUS","0124N0000002qlJQAQ","Renovacion","2026-10-09","2026-10-09","Pendiente de contacto","Renovaciones Ventas BPO"
