Linea,Nombre Cliente,Placas,Desde,Hasta,Telefonos,Telefonos 2,e-Mail,Marca,Modelo,Clase,Tipo,Línea,Chasis,Motor,Color,Ejecutivo de renovacion,Año de renovacion,Vehículo Id.,Id de Cliente,Nombre de la oportunidad,Tipo de Resgistro,Tipo de Oportunidad,Fecha de cierre,Fecha de seguimiento,Etapa,Origen
PLUS,Mynor Otoniel Tipaz Castro,C819BZM,11/11/2024,2026-11-10 00:00:00,,,,CHANGAN,2025,PANEL,Panel,Star 9,LS4ASB3E2SG803065,4G15SSA5T000932,Blanco y calcomanias Multocolor,Sindy Aguirre,,a01VX00000HsiQV,001VX00000HsL2Y,BO - Renovacion año:  - Placa: C819BZM - Servicio: PLUS,0124N0000002qlJQAQ,Renovacion,2026-10-09 00:00:00,2026-10-09 00:00:00,Pendiente de contacto,Renovaciones Ventas BPO
PLUS,ALEXANDER SUAREZ FRANCO,P659HVN,5/11/2024,4/11/2026,,,,Mazda,2025,PICK UP,PICK UP,BT-50,MP2TFS40JST400446,4JJ3EUS916,BLANCO,Sindy Aguirre,,a01VX00000HsiQV,001VX00000HsL2Y,BO - Renovacion año:  - Placa: P659HVN - Servicio: PLUS,0124N0000002qlJQAQ,Renovacion,2026-10-09 00:00:00,2026-10-09 00:00:00,Pendiente de contacto,Renovaciones Ventas BPO
PLUS,Santos Patricio Lopez Quiche,P359KPD,17/11/2023,16/11/2026,,,,Toyota,2024,MICROBUS,Microbus,Hiace,JTFBBFCP6R6049526,1GD9215577,Plateado Mica,Sindy Aguirre,,a01VX00000HsiQV,001VX00000HsL2Y,BO - Renovacion año:  - Placa: P359KPD - Servicio: PLUS,0124N0000002qlJQAQ,Renovacion,2026-10-09 00:00:00,2026-10-09 00:00:00,Pendiente de contacto,Renovaciones Ventas BPO
RF,ANGEL DE JESUS TICAS ARGUETA,P874HTX,6/09/2021,1/09/2022,,47683171,lacteosdeliciasdeoriente@gmail.com,Honda,2020,CAMIONETA,Camioneta Pasajeros,CR-V 1.5T,1HGRW1840LL500133,L15BE-4012059,BLANCO,Sindy Aguirre,,a01VX00000HsiQV,001VX00000HsL2Y,BO - Renovacion año:  - Placa: P874HTX - Servicio: RF,0124N0000002qlJQAQ,Renovacion,2026-10-09 00:00:00,2026-10-09 00:00:00,Pendiente de contacto,Renovaciones Ventas BPO
PLUS,VICTOR AUGUSTO BARRIENTOS PAIZ,P414KMD,17/11/2023,16/11/2024,,,,Jac,2024,PICK UP,PICK UP,HFC1037D1KST,LJ11PABD8RC091709,HFC4DB21BP4101076,PLATA,Sindy Aguirre,,a01VX00000HsiQV,001VX00000HsL2Y,BO - Renovacion año:  - Placa: P414KMD - Servicio: PLUS,0124N0000002qlJQAQ,Renovacion,2026-10-09 00:00:00,2026-10-09 00:00:00,Pendiente de contacto,Renovaciones Ventas BPO
PLUS,VICTOR AUGUSTO BARRIENTOS PAIZ,P106JVS,9/12/2022,8/12/2023,,,,RAM,2022,PICK UP,PICKUP,1500 LIMITED D/C 4X4,1C6SRFHT8NN305859,TNN305859,PLATEADO METALICO B,Sindy Aguirre,,a01VX00000HsiQV,001VX00000HsL2Y,BO - Renovacion año:  - Placa: P106JVS - Servicio: PLUS,0124N0000002qlJQAQ,Renovacion,2026-10-09 00:00:00,2026-10-09 00:00:00,Pendiente de contacto,Renovaciones Ventas BPO
PLUS,VICTOR AUGUSTO BARRIENTOS PAIZ,P113KDW,9/12/2022,8/12/2023,,,,Audi,2023,CAMIONETA,CAMIONETA,Q7,WAUZZZ4M1PD003441,DCB581343,NEGRO MITO,Sindy Aguirre,,a01VX00000HsiQV,001VX00000HsL2Y,BO - Renovacion año:  - Placa: P113KDW - Servicio: PLUS,0124N0000002qlJQAQ,Renovacion,2026-10-09 00:00:00,2026-10-09 00:00:00,Pendiente de contacto,Renovaciones Ventas BPO
PLUS,GEORGE FREDERICK LEWIS ONCKELMANN,P071JHJ,22/12/2020,21/12/2021,,,,Hyundai,2020,CAMIONETA,CAMIONETA SPORT,SANTA FE,KMHS281EBLU262053,G4KEKD095807,PLATEADO,Sindy Aguirre,,a01VX00000HsiQV,001VX00000HsL2Y,BO - Renovacion año:  - Placa: P071JHJ - Servicio: PLUS,0124N0000002qlJQAQ,Renovacion,2026-10-09 00:00:00,2026-10-09 00:00:00,Pendiente de contacto,Renovaciones Ventas BPO
GPS,"COLUMBUS NETWORKS DE GUATEMALA, LIMITADA",P682FZP,19/12/2022,18/12/2023,,59902238,ap.guatemala@cwc.com,Nissan,2016,AUTOMOVIL,Automovil,MARCH,3N1CK3CS3ZL383005,HR16703055L,GRIS,Sindy Aguirre,,a01VX00000HsiQV,001VX00000HsL2Y,BO - Renovacion año:  - Placa: P682FZP - Servicio: GPS,0124N0000002qlJQAQ,Renovacion,2026-10-09 00:00:00,2026-10-09 00:00:00,Pendiente de contacto,Renovaciones Ventas BPO
GPS,"COLUMBUS NETWORKS DE GUATEMALA, LIMITADA",P446GYS,19/12/2022,18/12/2023,,59902238,ap.guatemala@cwc.com,Chevrolet,2019,PICK UP,Pick up,NP 300 4X4,316CD33B5ZK395294,YD25685293P,GRIS,Sindy Aguirre,,a01VX00000HsiQV,001VX00000HsL2Y,BO - Renovacion año:  - Placa: P446GYS - Servicio: GPS,0124N0000002qlJQAQ,Renovacion,2026-10-09 00:00:00,2026-10-09 00:00:00,Pendiente de contacto,Renovaciones Ventas BPO
GPS,"COLUMBUS NETWORKS DE GUATEMALA, LIMITADA",P293JLP,19/12/2022,18/12/2023,,59902238,ap.guatemala@cwc.com,Isuzu,2022,PICK UP,Pick up,D-MAX,MPATFS87JNT000766,WJ0678,GRIS,Sindy Aguirre,,a01VX00000HsiQV,001VX00000HsL2Y,BO - Renovacion año:  - Placa: P293JLP - Servicio: GPS,0124N0000002qlJQAQ,Renovacion,2026-10-09 00:00:00,2026-10-09 00:00:00,Pendiente de contacto,Renovaciones Ventas BPO
GPS,"COLUMBUS NETWORKS DE GUATEMALA, LIMITADA",P571FJN,19/12/2022,18/12/2023,,59902238,ap.guatemala@cwc.com,Hyundai,2013,AUTOMOVIL,Automovil,Accent,KMHCT51CADU068311,G4FACU925697,Blanco,Sindy Aguirre,,a01VX00000HsiQV,001VX00000HsL2Y,BO - Renovacion año:  - Placa: P571FJN - Servicio: GPS,0124N0000002qlJQAQ,Renovacion,2026-10-09 00:00:00,2026-10-09 00:00:00,Pendiente de contacto,Renovaciones Ventas BPO
GPS,"COLUMBUS NETWORKS DE GUATEMALA, LIMITADA",P106FSG,19/12/2022,18/12/2023,,59902238,ap.guatemala@cwc.com,Mazda,2014,PICK UP,Pick Up,BT50,MM7UNY0W4E0935504,WLAT1384792,Platino,Sindy Aguirre,,a01VX00000HsiQV,001VX00000HsL2Y,BO - Renovacion año:  - Placa: P106FSG - Servicio: GPS,0124N0000002qlJQAQ,Renovacion,2026-10-09 00:00:00,2026-10-09 00:00:00,Pendiente de contacto,Renovaciones Ventas BPO
GPS,"COLUMBUS NETWORKS DE GUATEMALA, LIMITADA",P250FPF,19/12/2022,18/12/2023,,59902238,ap.guatemala@cwc.com,Nissan,2014,AUTOMOVIL,Automovil,Frontier D22 4X4,3N6PD23Y6ZK930228,YD25605997P,Blanco,Sindy Aguirre,,a01VX00000HsiQV,001VX00000HsL2Y,BO - Renovacion año:  - Placa: P250FPF - Servicio: GPS,0124N0000002qlJQAQ,Renovacion,2026-10-09 00:00:00,2026-10-09 00:00:00,Pendiente de contacto,Renovaciones Ventas BPO
GPS,"COLUMBUS NETWORKS DE GUATEMALA, LIMITADA",P675FLG,19/12/2022,18/12/2023,,59902238,ap.guatemala@cwc.com,Chevrolet,2014,AUTOMOVIL,Automovil,Spark,KL1CD6AD8DC513322,B12D1842777KC3,Blanco,Sindy Aguirre,,a01VX00000HsiQV,001VX00000HsL2Y,BO - Renovacion año:  - Placa: P675FLG - Servicio: GPS,0124N0000002qlJQAQ,Renovacion,2026-10-09 00:00:00,2026-10-09 00:00:00,Pendiente de contacto,Renovaciones Ventas BPO
GPS,"COLUMBUS NETWORKS DE GUATEMALA, LIMITADA",P428FPF,19/12/2022,18/12/2023,,59902238,ap.guatemala@cwc.com,Hyundai,2014,AUTOMOVIL,Automovil,Accent,KMHCT51BAEU134866,G4LCDU084253,Blanco,Sindy Aguirre,,a01VX00000HsiQV,001VX00000HsL2Y,BO - Renovacion año:  - Placa: P428FPF - Servicio: GPS,0124N0000002qlJQAQ,Renovacion,2026-10-09 00:00:00,2026-10-09 00:00:00,Pendiente de contacto,Renovaciones Ventas BPO
GPS,"COLUMBUS NETWORKS DE GUATEMALA, LIMITADA",P683FZP,19/12/2022,18/12/2023,,59902238,ap.guatemala@cwc.com,Nissan,2016,AUTOMOVIL,Automovil,MARCH,3N1CK3CS1ZL382953,HR16700319L,GRIS,Sindy Aguirre,,a01VX00000HsiQV,001VX00000HsL2Y,BO - Renovacion año:  - Placa: P683FZP - Servicio: GPS,0124N0000002qlJQAQ,Renovacion,2026-10-09 00:00:00,2026-10-09 00:00:00,Pendiente de contacto,Renovaciones Ventas BPO
GPS,"COLUMBUS NETWORKS DE GUATEMALA, LIMITADA",P016JWZ,19/12/2022,18/12/2023,,59902238,ap.guatemala@cwc.com,Hyundai,2018,AUTOMOVIL,Pick Up,Accent GLS,KMHCT41BEJU443033,G4LCJU037495,Gris,Sindy Aguirre,,a01VX00000HsiQV,001VX00000HsL2Y,BO - Renovacion año:  - Placa: P016JWZ - Servicio: GPS,0124N0000002qlJQAQ,Renovacion,2026-10-09 00:00:00,2026-10-09 00:00:00,Pendiente de contacto,Renovaciones Ventas BPO
GPS,"COLUMBUS NETWORKS DE GUATEMALA, LIMITADA",P956KFV,21/02/2023,20/02/2023,,59902238,ap.guatemala@cwc.com,Toyota,2023,AUTOMOVIL,Automovil,Hilux,MR0CB3CDXP0200810,2GD5296172,Blanco,Sindy Aguirre,,a01VX00000HsiQV,001VX00000HsL2Y,BO - Renovacion año:  - Placa: P956KFV - Servicio: GPS,0124N0000002qlJQAQ,Renovacion,2026-10-09 00:00:00,2026-10-09 00:00:00,Pendiente de contacto,Renovaciones Ventas BPO
PLUS,"FOLIARES ORGANICOS Y BIOLOGICOS, SOCIEDAD ANONIMA",P450HRH,27/10/2020,26/10/2021,,55899623,ggasparico@gmail.com,Volkswagen,2020,PICK UP,PICKUP,AMAROK,WV1ZZZ2HZLA016535,CNF116480,NEGRO PERLADO,Sindy Aguirre,,a01VX00000HsiQV,001VX00000HsL2Y,BO - Renovacion año:  - Placa: P450HRH - Servicio: PLUS,0124N0000002qlJQAQ,Renovacion,2026-10-09 00:00:00,2026-10-09 00:00:00,Pendiente de contacto,Renovaciones Ventas BPO
GPS,Crea de Guatemala,P184JVB,29/07/2022,29/07/2023,,,,Ford,2022,CAMIONETA,Camioneta,Escape SE,1FMCU0G69NUA69387,NUA69387,Azul,Sindy Aguirre,,a01VX00000HsiQV,001VX00000HsL2Y,BO - Renovacion año:  - Placa: P184JVB - Servicio: GPS,0124N0000002qlJQAQ,Renovacion,2026-10-09 00:00:00,2026-10-09 00:00:00,Pendiente de contacto,Renovaciones Ventas BPO
PLUS,Distribuidora La Marca,C010BVW,25/11/2024,24/11/2025,,,,Mitsubishi,2022,CAMION,Camion,4300,JLBFE84CENKU50103,4D33R57660,Blanco,Sindy Aguirre,,a01VX00000HsiQV,001VX00000HsL2Y,BO - Renovacion año:  - Placa: C010BVW - Servicio: PLUS,0124N0000002qlJQAQ,Renovacion,2026-10-09 00:00:00,2026-10-09 00:00:00,Pendiente de contacto,Renovaciones Ventas BPO
GPS,Josue Daniel Pacheco Godoy,P285DZD,27/11/2023,26/11/2023,,,,Mitsubishi,2011,PANEL,Panel,L300,JMYJNP15VBA000556,4D56LK7489,Blanco,Sindy Aguirre,,a01VX00000HsiQV,001VX00000HsL2Y,BO - Renovacion año:  - Placa: P285DZD - Servicio: GPS,0124N0000002qlJQAQ,Renovacion,2026-10-09 00:00:00,2026-10-09 00:00:00,Pendiente de contacto,Renovaciones Ventas BPO
PLUS,SAMARA PATRICIA GUEVARA PEREZ,C922BPG,23/11/2022,23/11/2023,,50187317,samarapatriciaperez.280@gmail.com,Isuzu,2015,CAMION,Camion,NPR,JAANPR71HF7100092,261968,Blanco,Sindy Aguirre,,a01VX00000HsiQV,001VX00000HsL2Y,BO - Renovacion año:  - Placa: C922BPG - Servicio: PLUS,0124N0000002qlJQAQ,Renovacion,2026-10-09 00:00:00,2026-10-09 00:00:00,Pendiente de contacto,Renovaciones Ventas BPO
PLUS,COMERCIALIZADORA OLIVA SOCIEDAD ANONIMA,C565BTY,2/11/2024,1/11/2025,,,,International,2002,CABEZAL,CABEZAL,9200I 6X4,2C034967,06R0661306067MK60R,BLANCO FJS AZUL Y ROJA,Sindy Aguirre,,a01VX00000HsiQV,001VX00000HsL2Y,BO - Renovacion año:  - Placa: C565BTY - Servicio: PLUS,0124N0000002qlJQAQ,Renovacion,2026-10-09 00:00:00,2026-10-09 00:00:00,Pendiente de contacto,Renovaciones Ventas BPO
PLUS,Wilder Esteban Urizar Tally,P684GMZ,30/11/2023,29/11/2024,,,,Toyota,2017,CAMIONETA,Pick up,Hiace,JTFJS02PXH5035367,2KD-A915638,Plateado,Sindy Aguirre,,a01VX00000HsiQV,001VX00000HsL2Y,BO - Renovacion año:  - Placa: P684GMZ - Servicio: PLUS,0124N0000002qlJQAQ,Renovacion,2026-10-09 00:00:00,2026-10-09 00:00:00,Pendiente de contacto,Renovaciones Ventas BPO
PLUS,PRO MOTO SOCIEDAD ANONIMA,P231KQC,29/11/2023,28/11/2024,,,,Great Wall,2024,CAMIONETA,CAMIONETA,HAVAL JOLION HEV,LGWEEUA58RK612951,2341H003731,BLANCO,Sindy Aguirre,,a01VX00000HsiQV,001VX00000HsL2Y,BO - Renovacion año:  - Placa: P231KQC - Servicio: PLUS,0124N0000002qlJQAQ,Renovacion,2026-10-09 00:00:00,2026-10-09 00:00:00,Pendiente de contacto,Renovaciones Ventas BPO
PLUS,JORGE DAVID MANCILLA ROSALES,P968GVC,22/11/2024,21/11/2025,,,,Honda,2013,AUTOMOVIL,AUTOMOVIL,CIVIC LX,2HGFB2F59DH567555,R18Z13412128,BLANCO,Sindy Aguirre,,a01VX00000HsiQV,001VX00000HsL2Y,BO - Renovacion año:  - Placa: P968GVC - Servicio: PLUS,0124N0000002qlJQAQ,Renovacion,2026-10-09 00:00:00,2026-10-09 00:00:00,Pendiente de contacto,Renovaciones Ventas BPO
PLUS,Wilder Esteban Urizar Tally,P025JHR,20/11/2024,19/11/2025,,,,Mitsubishi,2020,CAMIONETA,Camioneta,Montero Sport,MMBGUKS10LH002909,4N15UGB7124,Plateado,Sindy Aguirre,,a01VX00000HsiQV,001VX00000HsL2Y,BO - Renovacion año:  - Placa: P025JHR - Servicio: PLUS,0124N0000002qlJQAQ,Renovacion,2026-10-09 00:00:00,2026-10-09 00:00:00,Pendiente de contacto,Renovaciones Ventas BPO
GPS,YEISON EZEQUIEL CARRILLO FAJARDO,P295HVP,20/11/2024,19/11/2025,,,,Suzuki,2024,AUTOMOVIL,Automovil,Dzire,MBHZF63S1RG477895,K12MP4386488,Gris Magma,Sindy Aguirre,,a01VX00000HsiQV,001VX00000HsL2Y,BO - Renovacion año:  - Placa: P295HVP - Servicio: GPS,0124N0000002qlJQAQ,Renovacion,2026-10-09 00:00:00,2026-10-09 00:00:00,Pendiente de contacto,Renovaciones Ventas BPO
PLUS,"ALGODON SUPERIOR, S.A.",C726BWD,12/11/2021,12/11/2022,,23811111,administracion@algodonsuperior.com,Mitsubishi,2022,CAMION,Camion,Fuso,JLBFE8SCGNKUS0076,4D33RS7350,Blanco,Sindy Aguirre,,a01VX00000HsiQV,001VX00000HsL2Y,BO - Renovacion año:  - Placa: C726BWD - Servicio: PLUS,0124N0000002qlJQAQ,Renovacion,2026-10-09 00:00:00,2026-10-09 00:00:00,Pendiente de contacto,Renovaciones Ventas BPO
PLUS,Crea de Guatemala,M114JQH,14/11/2024,13/11/2025,,,,Otros,2022,MOTOCICLETA,MOTOCICLETA,FXR 150L,LY4YCKL11N0C16222,162FMJ8N101269,BLANCO NEGRO FRANJAS MULTICOLOR,Sindy Aguirre,,a01VX00000HsiQV,001VX00000HsL2Y,BO - Renovacion año:  - Placa: M114JQH - Servicio: PLUS,0124N0000002qlJQAQ,Renovacion,2026-10-09 00:00:00,2026-10-09 00:00:00,Pendiente de contacto,Renovaciones Ventas BPO
PLUS,KATERIN YANIRA SANTOS HUINAC,P948FFX,8/11/2024,7/11/2025,,,,Hyundai,2012,AUTOMOVIL,AUTOMOVIL,ELANTRA GL,KMHDG41CACU241958,G4FGBU301268,PLATEADO,Sindy Aguirre,,a01VX00000HsiQV,001VX00000HsL2Y,BO - Renovacion año:  - Placa: P948FFX - Servicio: PLUS,0124N0000002qlJQAQ,Renovacion,2026-10-09 00:00:00,2026-10-09 00:00:00,Pendiente de contacto,Renovaciones Ventas BPO
PLUS,RUTH EUNICE GONZALEZ SINAY,P975HVD,9/11/2024,8/11/2025,,,,Kia,2012,AUTOMOVIL,AUTOMOVIL,MORNING,KNABX511BCT126318,G3LABPO99776,GRIS POLICROMADO,Sindy Aguirre,,a01VX00000HsiQV,001VX00000HsL2Y,BO - Renovacion año:  - Placa: P975HVD - Servicio: PLUS,0124N0000002qlJQAQ,Renovacion,2026-10-09 00:00:00,2026-10-09 00:00:00,Pendiente de contacto,Renovaciones Ventas BPO
PLUS,Crea de Guatemala,MI60BBX,13/11/2024,12/11/2025,,,,Ford,2017,CAMIONETA,CAMIONETA,EVEREST 4X4,MNCXWJAAXHAT22220,P5AT2367491,BLANCO,Sindy Aguirre,,a01VX00000HsiQV,001VX00000HsL2Y,BO - Renovacion año:  - Placa: MI60BBX - Servicio: PLUS,0124N0000002qlJQAQ,Renovacion,2026-10-09 00:00:00,2026-10-09 00:00:00,Pendiente de contacto,Renovaciones Ventas BPO
GPS,RAPITARJETAS SOCIEDAD ANONIMA,C155BSN,24/10/2020,24/10/2021,,50009025,info@greencorp.com.gt,Hyundai,2019,CAMION,Camioneta,H-100,KMFZAX7BAKU603117,D4BBJ016087,Blanco,Sindy Aguirre,,a01VX00000HsiQV,001VX00000HsL2Y,BO - Renovacion año:  - Placa: C155BSN - Servicio: GPS,0124N0000002qlJQAQ,Renovacion,2026-10-09 00:00:00,2026-10-09 00:00:00,Pendiente de contacto,Renovaciones Ventas BPO
GPS,"MERCADOS VARIOS, SOCIEDAD ANONIMA",C884BXY,26/10/2023,25/10/2024,,48729768,mercadosvariossa@hotmail.com,Freightliner,2005,CABEZAL,CABEZAL,ST120064ST CENTURY CLASS,1FUJBBCK05LN47825,6067HV6E06R0771393,VERDE POL CON FJS NEGRO Y DORADO,Sindy Aguirre,,a01VX00000HsiQV,001VX00000HsL2Y,BO - Renovacion año:  - Placa: C884BXY - Servicio: GPS,0124N0000002qlJQAQ,Renovacion,2026-10-09 00:00:00,2026-10-09 00:00:00,Pendiente de contacto,Renovaciones Ventas BPO
GPS,"ZAVE FOODS, SOCIEDAD ANONIMA",P938DVZ,7/10/2024,6/10/2025,,,,Hyundai,2008,MICROBUS,MICROBUS,H-1 GL,KMFWBH7HP8U058534,D4BH7549846,PLATEADO,Sindy Aguirre,,a01VX00000HsiQV,001VX00000HsL2Y,BO - Renovacion año:  - Placa: P938DVZ - Servicio: GPS,0124N0000002qlJQAQ,Renovacion,2026-10-09 00:00:00,2026-10-09 00:00:00,Pendiente de contacto,Renovaciones Ventas BPO
GPS,COMERCIOS DIVERSOS DE ANTIGUA SOCIEDAD ANONIMA,C390BMB,28/10/2022,28/10/2023,,54131706,jparedes@dyclacanasta.com,Kia,2011,CAMION,Camion,K  2700 l,KNCSGX71AB7535670,J2565205,Blanco,Sindy Aguirre,,a01VX00000HsiQV,001VX00000HsL2Y,BO - Renovacion año:  - Placa: C390BMB - Servicio: GPS,0124N0000002qlJQAQ,Renovacion,2026-10-09 00:00:00,2026-10-09 00:00:00,Pendiente de contacto,Renovaciones Ventas BPO
PLUS,MODESTO GUZMAN SANTIAGO,P495HLK,25/10/2019,25/10/2021,,57203447,usacguzman@gmail.com,Isuzu,2020,PICK UP,PICK UP,DMAX,MPATFS85JLT000914,TW1712,GRIS,Sindy Aguirre,,a01VX00000HsiQV,001VX00000HsL2Y,BO - Renovacion año:  - Placa: P495HLK - Servicio: PLUS,0124N0000002qlJQAQ,Renovacion,2026-10-09 00:00:00,2026-10-09 00:00:00,Pendiente de contacto,Renovaciones Ventas BPO
PLUS,MARVIN OSVALDO GONZALEZ GONZALEZ,P886KLX,7/10/2024,6/10/2025,,,,Toyota,2024,PICK UP,PICK UP,HILUX,8AJDB8CB2R5518326,2GD1349668,GRIS METALICO,Sindy Aguirre,,a01VX00000HsiQV,001VX00000HsL2Y,BO - Renovacion año:  - Placa: P886KLX - Servicio: PLUS,0124N0000002qlJQAQ,Renovacion,2026-10-09 00:00:00,2026-10-09 00:00:00,Pendiente de contacto,Renovaciones Ventas BPO
PLUS,Grupo Macoris Sociedad Anonima,P979JTY,10/10/2024,10/10/2025,,,,BMW,2022,CAMIONETA,Camioneta,X6 Xdrive 40i,WBACY610XN9L41462,A1336658,Negro Metalico,Sindy Aguirre,,a01VX00000HsiQV,001VX00000HsL2Y,BO - Renovacion año:  - Placa: P979JTY - Servicio: PLUS,0124N0000002qlJQAQ,Renovacion,2026-10-09 00:00:00,2026-10-09 00:00:00,Pendiente de contacto,Renovaciones Ventas BPO
PLUS,Edgar Eduardo Echeverria Reynoso Copropiedad,C538BXF,21/10/2024,20/10/2025,,,,International,2009,CABEZAL,Cabezal,Prostar Premium,9C144224,79347763,Blanco y Naranja,Sindy Aguirre,,a01VX00000HsiQV,001VX00000HsL2Y,BO - Renovacion año:  - Placa: C538BXF - Servicio: PLUS,0124N0000002qlJQAQ,Renovacion,2026-10-09 00:00:00,2026-10-09 00:00:00,Pendiente de contacto,Renovaciones Ventas BPO
UPGRADE GPS,"AUTOTANQUES, S.A.",S721422,1/10/2019,30/09/2020,,,,Jeep,2015,CAMIONETA,CAMIONETA,GRAND CHEROKKE LAREDO,1C4RJFAGXFC721422,5322421712,BLANCO BRILLANTE,Sindy Aguirre,,a01VX00000HsiQV,001VX00000HsL2Y,BO - Renovacion año:  - Placa: S721422 - Servicio: UPGRADE GPS,0124N0000002qlJQAQ,Renovacion,2026-10-09 00:00:00,2026-10-09 00:00:00,Pendiente de contacto,Renovaciones Ventas BPO
PLUS,"AUTOTANQUES, S.A.",S786327,6/09/2019,8/09/2021,,,,RAM,2019,PICK UP,PICK UP,2500 TRADESMAN 4X4,1C6SRFLT8KN786327,6027910366,GRIS OSCURO,Sindy Aguirre,,a01VX00000HsiQV,001VX00000HsL2Y,BO - Renovacion año:  - Placa: S786327 - Servicio: PLUS,0124N0000002qlJQAQ,Renovacion,2026-10-09 00:00:00,2026-10-09 00:00:00,Pendiente de contacto,Renovaciones Ventas BPO
PLUS,"AUTOTANQUES, S.A.",P992JWX,29/07/2022,31/07/2023,,,,Toyota,2023,PICK UP,PICK UP,Hi Lux,MR0CB8CB2P4287025,2GD5184686,Super Blanco,Sindy Aguirre,,a01VX00000HsiQV,001VX00000HsL2Y,BO - Renovacion año:  - Placa: P992JWX - Servicio: PLUS,0124N0000002qlJQAQ,Renovacion,2026-10-09 00:00:00,2026-10-09 00:00:00,Pendiente de contacto,Renovaciones Ventas BPO
PLUS,"AUTOTANQUES, S.A.",P991JWX,29/07/2022,31/07/2023,,,,Toyota,2023,PICK UP,PICK UP,Hi Lux,MR0CB8CB2P4286439,2GD5181244,Super Blanco,Sindy Aguirre,,a01VX00000HsiQV,001VX00000HsL2Y,BO - Renovacion año:  - Placa: P991JWX - Servicio: PLUS,0124N0000002qlJQAQ,Renovacion,2026-10-09 00:00:00,2026-10-09 00:00:00,Pendiente de contacto,Renovaciones Ventas BPO
PLUS,"AUTOTANQUES, S.A.",P836JXY,30/09/2022,30/09/2023,,,,Toyota,2023,PICK UP,PICK UP,Hi-Lux,MR0CB8CB7P4286291,2GD1166997,SUPER BLANCO II,Sindy Aguirre,,a01VX00000HsiQV,001VX00000HsL2Y,BO - Renovacion año:  - Placa: P836JXY - Servicio: PLUS,0124N0000002qlJQAQ,Renovacion,2026-10-09 00:00:00,2026-10-09 00:00:00,Pendiente de contacto,Renovaciones Ventas BPO
PLUS,"AUTOTANQUES, S.A.",P819KBG,28/10/2022,27/10/2023,,,,Toyota,2023,PICK UP,PICKUP,HILUX,8AJDB3CD9P1326197,2GD1181219,PLATEADO METALICO,Sindy Aguirre,,a01VX00000HsiQV,001VX00000HsL2Y,BO - Renovacion año:  - Placa: P819KBG - Servicio: PLUS,0124N0000002qlJQAQ,Renovacion,2026-10-09 00:00:00,2026-10-09 00:00:00,Pendiente de contacto,Renovaciones Ventas BPO
PLUS,"AUTOTANQUES, S.A.",P819DLK,29/07/2022,31/07/2023,,,,Jeep,2008,CAMIONETA,Camioneta,G CHEROKEE LAREDO 4X4,J8GR48K88C130743,J8GR48K88C130743,Plateado,Sindy Aguirre,,a01VX00000HsiQV,001VX00000HsL2Y,BO - Renovacion año:  - Placa: P819DLK - Servicio: PLUS,0124N0000002qlJQAQ,Renovacion,2026-10-09 00:00:00,2026-10-09 00:00:00,Pendiente de contacto,Renovaciones Ventas BPO
PLUS,"AUTOTANQUES, S.A.",P801HPK,5/08/2020,6/08/2021,,,,BMW,2020,CAMIONETA,CAMIONETA,X5 DRIVE 30D,WBACV6108L9C18185,66635867,GRIS OSCURO METALICO,Sindy Aguirre,,a01VX00000HsiQV,001VX00000HsL2Y,BO - Renovacion año:  - Placa: P801HPK - Servicio: PLUS,0124N0000002qlJQAQ,Renovacion,2026-10-09 00:00:00,2026-10-09 00:00:00,Pendiente de contacto,Renovaciones Ventas BPO
PLUS,"AUTOTANQUES, S.A.",P788GNB,3/08/2022,2/08/2023,,,,Volkswagen,2017,PICK UP,PICKUP,AMAROK,WV1ZZZ2HZHA004230,CSH178747,GRIS METALICO,Sindy Aguirre,,a01VX00000HsiQV,001VX00000HsL2Y,BO - Renovacion año:  - Placa: P788GNB - Servicio: PLUS,0124N0000002qlJQAQ,Renovacion,2026-10-09 00:00:00,2026-10-09 00:00:00,Pendiente de contacto,Renovaciones Ventas BPO
PLUS,"AUTOTANQUES, S.A.",P753DLJ,24/11/2020,23/11/2021,,,,Jeep,2008,CAMIONETA,CAMIONETA,GRAND CHEROKEE LAREDO,1J8GR48K38C152150,1J8GR48K38C152150,NEGRO,Sindy Aguirre,,a01VX00000HsiQV,001VX00000HsL2Y,BO - Renovacion año:  - Placa: P753DLJ - Servicio: PLUS,0124N0000002qlJQAQ,Renovacion,2026-10-09 00:00:00,2026-10-09 00:00:00,Pendiente de contacto,Renovaciones Ventas BPO
PLUS,"AUTOTANQUES, S.A.",P747HRV,29/09/2020,28/09/2021,,,,Audi,2020,CAMIONETA,CAMIONETA,Q7,WAUZZZ4M8LD010283,DCB191418,PLATA FLORETE,Sindy Aguirre,,a01VX00000HsiQV,001VX00000HsL2Y,BO - Renovacion año:  - Placa: P747HRV - Servicio: PLUS,0124N0000002qlJQAQ,Renovacion,2026-10-09 00:00:00,2026-10-09 00:00:00,Pendiente de contacto,Renovaciones Ventas BPO
PLUS,"AUTOTANQUES, S.A.",P109FGY,29/07/2022,31/07/2023,,,,Subaru,2012,CAMIONETA,Camioneta,SUBURBAN,1GNSK8E70CR117320,CCR117320,Moca,Sindy Aguirre,,a01VX00000HsiQV,001VX00000HsL2Y,BO - Renovacion año:  - Placa: P109FGY - Servicio: PLUS,0124N0000002qlJQAQ,Renovacion,2026-10-09 00:00:00,2026-10-09 00:00:00,Pendiente de contacto,Renovaciones Ventas BPO
PLUS,"AUTOTANQUES, S.A.",P590HYH,29/07/2022,29/07/2022,,,,Audi,2020,CAMIONETA,Camioneta,Q7,WAUZZZ4M6LD010251,WAUZZZ4M6LD010251,Blanco,Sindy Aguirre,,a01VX00000HsiQV,001VX00000HsL2Y,BO - Renovacion año:  - Placa: P590HYH - Servicio: PLUS,0124N0000002qlJQAQ,Renovacion,2026-10-09 00:00:00,2026-10-09 00:00:00,Pendiente de contacto,Renovaciones Ventas BPO
PLUS,"AUTOTANQUES, S.A.",P469KCB,6/12/2022,5/12/2023,,,,Toyota,2023,PICK UP,PICKUP,HILUX,8AJDB3CD7P1329034,2GD1215597,SUPER BLANCO II,Sindy Aguirre,,a01VX00000HsiQV,001VX00000HsL2Y,BO - Renovacion año:  - Placa: P469KCB - Servicio: PLUS,0124N0000002qlJQAQ,Renovacion,2026-10-09 00:00:00,2026-10-09 00:00:00,Pendiente de contacto,Renovaciones Ventas BPO
PLUS,"AUTOTANQUES, S.A.",P452FGX,29/07/2022,31/07/2023,,,,Toyota,2012,CAMIONETA,Camioneta,PRADO,JTEBH3FJ4C5035761,1KD-2171278,Plateado,Sindy Aguirre,,a01VX00000HsiQV,001VX00000HsL2Y,BO - Renovacion año:  - Placa: P452FGX - Servicio: PLUS,0124N0000002qlJQAQ,Renovacion,2026-10-09 00:00:00,2026-10-09 00:00:00,Pendiente de contacto,Renovaciones Ventas BPO
PLUS,"AUTOTANQUES, S.A.",P435FGX,29/07/2022,31/07/2023,,,,Toyota,2012,CAMIONETA,Camioneta,PRADO,JTEBU3FJXC5023626,1GR-A405267,GRIS,Sindy Aguirre,,a01VX00000HsiQV,001VX00000HsL2Y,BO - Renovacion año:  - Placa: P435FGX - Servicio: PLUS,0124N0000002qlJQAQ,Renovacion,2026-10-09 00:00:00,2026-10-09 00:00:00,Pendiente de contacto,Renovaciones Ventas BPO
GPS,CLAUDIA GUICELA FIGUEROA DONIS,C750BPJ,30/07/2019,12/08/2021,,54297107,travelespiritumaya@hotmail.com,Toyota,2016,MICROBUS,MICROBUS,HIACE,JTFSS22P9G0144219,2KDA802856,BLANCO CON FRANJAS DORADO Y GRIS,Sindy Aguirre,,a01VX00000HsiQV,001VX00000HsL2Y,BO - Renovacion año:  - Placa: C750BPJ - Servicio: GPS,0124N0000002qlJQAQ,Renovacion,2026-10-09 00:00:00,2026-10-09 00:00:00,Pendiente de contacto,Renovaciones Ventas BPO
GPS,CLAUDIA GUICELA FIGUEROA DONIS,C750BPJ,30/07/2019,12/08/2021,,54297107,travelespiritumaya@hotmail.com,Toyota,2016,MICROBUS,MICROBUS,HIACE,JTFSS22P9G0144219,2KDA802856,BLANCO CON FRANJAS DORADO Y GRIS,Sindy Aguirre,,a01VX00000HsiQV,001VX00000HsL2Y,BO - Renovacion año:  - Placa: C750BPJ - Servicio: GPS,0124N0000002qlJQAQ,Renovacion,2026-10-09 00:00:00,2026-10-09 00:00:00,Pendiente de contacto,Renovaciones Ventas BPO
PLUS,CLAUDIA GUICELA FIGUEROA DONIS,P695BLF,30/07/2019,12/08/2021,,54297107,travelespiritumaya@hotmail.com,Toyota,2004,AUTOMOVIL,AUTOMOVIL,YARIS,JTDKW113700214201,2NZ 2989313,SUPER ROJO,Sindy Aguirre,,a01VX00000HsiQV,001VX00000HsL2Y,BO - Renovacion año:  - Placa: P695BLF - Servicio: PLUS,0124N0000002qlJQAQ,Renovacion,2026-10-09 00:00:00,2026-10-09 00:00:00,Pendiente de contacto,Renovaciones Ventas BPO
PLUS,CLAUDIA GUICELA FIGUEROA DONIS,C523BPT,26/07/2019,12/08/2021,,54297107,travelespiritumaya@hotmail.com,Toyota,2016,BUS,BUS,COASTER,JTGF518XG1075933,1HZ0838011,Blanco-Lavanda,Sindy Aguirre,,a01VX00000HsiQV,001VX00000HsL2Y,BO - Renovacion año:  - Placa: C523BPT - Servicio: PLUS,0124N0000002qlJQAQ,Renovacion,2026-10-09 00:00:00,2026-10-09 00:00:00,Pendiente de contacto,Renovaciones Ventas BPO
PLUS,CLAUDIA GUICELA FIGUEROA DONIS,C233BSG,26/07/2019,12/08/2021,,54297107,travelespiritumaya@hotmail.com,Toyota,2020,BUS,BUS,COASTER,JTGFB7180L6006595,1HZ0923602,Blanco-lavanda,Sindy Aguirre,,a01VX00000HsiQV,001VX00000HsL2Y,BO - Renovacion año:  - Placa: C233BSG - Servicio: PLUS,0124N0000002qlJQAQ,Renovacion,2026-10-09 00:00:00,2026-10-09 00:00:00,Pendiente de contacto,Renovaciones Ventas BPO
GPS,RAPITARJETAS SOCIEDAD ANONIMA,P871HSB,24/10/2020,24/10/2021,,50009025,info@greencorp.com.gt,Changhe,2021,PANEL,Panel,PAnel M201 MT,LAS4ASB3E4MG801188,4G15SLA5T001406,Blanco y calcomanias multicolor,Sindy Aguirre,,a01VX00000HsiQV,001VX00000HsL2Y,BO - Renovacion año:  - Placa: P871HSB - Servicio: GPS,0124N0000002qlJQAQ,Renovacion,2026-10-09 00:00:00,2026-10-09 00:00:00,Pendiente de contacto,Renovaciones Ventas BPO
GPS,RAPITARJETAS SOCIEDAD ANONIMA,P294KFY,24/10/2020,24/10/2021,,50009025,info@greencorp.com.gt,CHANGAN,2023,PANEL,PANEL,STAR 9,LS4ASB3E7PG801125,4G15SPA5T001665,Blanco,Sindy Aguirre,,a01VX00000HsiQV,001VX00000HsL2Y,BO - Renovacion año:  - Placa: P294KFY - Servicio: GPS,0124N0000002qlJQAQ,Renovacion,2026-10-09 00:00:00,2026-10-09 00:00:00,Pendiente de contacto,Renovaciones Ventas BPO
PLUS,Alvaro Javier Villatoro Hinestroza,P582KWZ,7/10/2025,6/10/2026,,,,Mitsubishi,2025,PICK UP,P582KWZ,L200,MMBJLLC10SH005042,4N16UAJ2205,Blanco Perla,Sindy Aguirre,,a01VX00000HsiQV,001VX00000HsL2Y,BO - Renovacion año:  - Placa: P582KWZ - Servicio: PLUS,0124N0000002qlJQAQ,Renovacion,2026-10-09 00:00:00,2026-10-09 00:00:00,Pendiente de contacto,Renovaciones Ventas BPO
PLUS,MYNOR OSIEL REYES PEREIRA,C317BSS,31/08/2021,31/08/2022,,46157756,marieandree1004@gmail.com,Freightliner,2004,CABEZAL,Cabezal,Cascadia PX125064ST,1FUJA6CV34PM19140,06R05813666067MK60,Corinto,Sindy Aguirre,,a01VX00000HsiQV,001VX00000HsL2Y,BO - Renovacion año:  - Placa: C317BSS - Servicio: PLUS,0124N0000002qlJQAQ,Renovacion,2026-10-09 00:00:00,2026-10-09 00:00:00,Pendiente de contacto,Renovaciones Ventas BPO
PLUS,Rentable S.A.,C757BYQ,29/11/2024,29/11/2025,,,,Isuzu,2025,CAMION,CAMION,NP,JAANPR71HS7100863,0YK242,BLANCO,Sindy Aguirre,,a01VX00000HsiQV,001VX00000HsL2Y,BO - Renovacion año:  - Placa: C757BYQ - Servicio: PLUS,0124N0000002qlJQAQ,Renovacion,2026-10-09 00:00:00,2026-10-09 00:00:00,Pendiente de contacto,Renovaciones Ventas BPO
GPS,Logistica LDT Sociedad Anonima,C837BTY,31/08/2024,30/08/2025,,,,Freightliner,2007,CABEZAL,CABEZAL,CL120064ST,1FUJA6CK87LX77867,6067HV6E 06R0909382,BLANCO,Sindy Aguirre,,a01VX00000HsiQV,001VX00000HsL2Y,BO - Renovacion año:  - Placa: C837BTY - Servicio: GPS,0124N0000002qlJQAQ,Renovacion,2026-10-09 00:00:00,2026-10-09 00:00:00,Pendiente de contacto,Renovaciones Ventas BPO
RF,JOSE ALBERTO JOCHOLA SANCHEZ,C743BQJ,13/09/2023,11/09/2025,,,,Toyota,2017,PANEL,PANEL,HIACE,JTFSS22P6H0161111,2KD-A924457,AZUL,Sindy Aguirre,,a01VX00000HsiQV,001VX00000HsL2Y,BO - Renovacion año:  - Placa: C743BQJ - Servicio: RF,0124N0000002qlJQAQ,Renovacion,2026-10-09 00:00:00,2026-10-09 00:00:00,Pendiente de contacto,Renovaciones Ventas BPO
PLUS,"V & T, S.A.",C582BRR,26/09/2022,24/09/2024,,57701095,empresavyt@gmail.com,Freightliner,2007,CABEZAL,CABEZAL,COLUMBIA 120,1FUJA6CK57LX78409,06R08966646067HV6E,BLANCO,Sindy Aguirre,,a01VX00000HsiQV,001VX00000HsL2Y,BO - Renovacion año:  - Placa: C582BRR - Servicio: PLUS,0124N0000002qlJQAQ,Renovacion,2026-10-09 00:00:00,2026-10-09 00:00:00,Pendiente de contacto,Renovaciones Ventas BPO
RF,JOSE VICTOR LOU CHANG,P330FTK,1/04/2020,31/03/2021,,,louluis8@gmail.com,Mercedes Benz,2015,AUTOMOVIL,AUTOMOVIL,A200 H/B 1.6L T/A,WDDBF4DB2FJ293595,27091030438397,Blanco,Sindy Aguirre,,a01VX00000HsiQV,001VX00000HsL2Y,BO - Renovacion año:  - Placa: P330FTK - Servicio: RF,0124N0000002qlJQAQ,Renovacion,2026-10-09 00:00:00,2026-10-09 00:00:00,Pendiente de contacto,Renovaciones Ventas BPO
PLUS,JOSE MANUEL RAMIREZ CHACON,C289BZF,27/11/2025,26/11/2026,,,,Freightliner,2007,CABEZAL,CABEZAL,CL120064S T COLUMBIA,1FUJA6CKX7LX06492,6067HV6E06R0885861,BLANCO,Sindy Aguirre,,a01VX00000HsiQV,001VX00000HsL2Y,BO - Renovacion año:  - Placa: C289BZF - Servicio: PLUS,0124N0000002qlJQAQ,Renovacion,2026-10-09 00:00:00,2026-10-09 00:00:00,Pendiente de contacto,Renovaciones Ventas BPO
PLUS,JOSE MANUEL RAMIREZ CHACON,C289CBV,27/11/2025,26/11/2026,,,,Freightliner,1993,CABEZAL,CABEZAL,CABEZAL,1FUYDCYB9PP490642,11669106,BLANCO Y AZUL,Sindy Aguirre,,a01VX00000HsiQV,001VX00000HsL2Y,BO - Renovacion año:  - Placa: C289CBV - Servicio: PLUS,0124N0000002qlJQAQ,Renovacion,2026-10-09 00:00:00,2026-10-09 00:00:00,Pendiente de contacto,Renovaciones Ventas BPO
